id_dipendente;mese;giorni_previsti;ore_previste;ore_ordinarie;ore_straordinario;ore_ferie;ore_permessi;ore_altre_assenze;giorni_lavoro_remoto;stato_rilevazione
E0001;2026-04-01;21;134.40;102.40;4;32;0;0;0;Consuntivo
E0002;2026-04-01;21;168;144;12;8;0;16;0;Consuntivo
E0003;2026-04-01;21;168;128;6;40;0;0;0;Consuntivo
E0004;2026-04-01;21;84;68;6;12;4;0;0;Consuntivo
E0005;2026-04-01;21;168;167;1;0;1;0;0;Consuntivo
E0006;2026-04-01;21;134.40;121.60;1;6.40;0;6.40;12;Consuntivo
E0007;2026-04-01;21;168;124;0;40;4;0;0;Consuntivo
E0008;2026-04-01;21;168;168;0;0;0;0;0;Consuntivo
E0009;2026-04-01;21;168;136;4;16;0;16;0;Consuntivo
E0010;2026-04-01;21;168;148;4;16;4;0;3;Consuntivo
E0011;2026-04-01;21;168;166;0;0;2;0;0;Consuntivo
E0012;2026-04-01;21;168;128;0;40;0;0;0;Consuntivo
E0013;2026-04-01;21;168;120;0;40;0;8;0;Consuntivo
E0014;2026-04-01;21;126;107;4;18;1;0;16;Consuntivo
E0015;2026-04-01;21;168;144;0;16;0;8;18;Consuntivo
E0016;2026-04-01;21;168;127;4;40;1;0;15;Consuntivo
E0017;2026-04-01;21;168;143;0;24;1;0;0;Consuntivo
E0018;2026-04-01;21;168;150;2;16;2;0;4;Consuntivo
E0019;2026-04-01;21;168;128;1;24;0;16;0;Consuntivo
E0020;2026-04-01;21;168;168;1;0;0;0;21;Consuntivo
E0021;2026-04-01;21;134.40;113.20;12;6.40;2;12.80;12;Consuntivo
E0022;2026-04-01;21;134.40;111.20;6;6.40;4;12.80;0;Consuntivo
E0023;2026-04-01;21;168;152;0;0;0;16;0;Consuntivo
E0024;2026-04-01;21;168;152;4;0;0;16;0;Consuntivo
E0025;2026-04-01;21;151.20;127.60;1;21.60;2;0;4;Consuntivo
E0026;2026-04-01;21;168;167;0;0;1;0;0;Consuntivo
E0027;2026-04-01;21;168;160;1;8;0;0;0;Consuntivo
E0028;2026-04-01;21;168;128;12;40;0;0;3;Consuntivo
E0029;2026-04-01;21;168;144;12;24;0;0;18;Consuntivo
E0030;2026-04-01;21;168;128;0;40;0;0;0;Consuntivo
E0031;2026-04-01;21;168;134;1;24;2;8;0;Consuntivo
E0032;2026-04-01;21;168;158;2;8;2;0;0;Consuntivo
E0033;2026-04-01;21;168;134;0;16;2;16;0;Consuntivo
E0034;2026-04-01;21;168;168;8;0;0;0;21;Consuntivo
E0035;2026-04-01;21;168;152;4;16;0;0;19;Consuntivo
E0036;2026-04-01;21;168;152;4;16;0;0;0;Consuntivo
E0037;2026-04-01;21;168;164;0;0;4;0;18;Consuntivo
E0038;2026-04-01;21;134.40;102.40;4;19.20;0;12.80;16;Consuntivo
E0039;2026-04-01;21;168;140;0;8;4;16;0;Consuntivo
E0040;2026-04-01;21;168;152;0;0;0;16;0;Consuntivo
E0041;2026-04-01;21;168;150;0;16;2;0;18;Consuntivo
E0042;2026-04-01;21;168;166;0;0;2;0;0;Consuntivo
E0043;2026-04-01;21;126;114;6;0;0;12;19;Consuntivo
E0044;2026-04-01;21;168;160;4;8;0;0;0;Consuntivo
E0045;2026-04-01;21;168;144;0;24;0;0;12;Consuntivo
E0046;2026-04-01;21;168;128;4;40;0;0;0;Consuntivo
E0047;2026-04-01;21;134.40;133.40;6;0;1;0;20;Consuntivo
E0048;2026-04-01;21;168;168;6;0;0;0;0;Consuntivo
E0049;2026-04-01;21;168;140;2;16;4;8;0;Consuntivo
E0050;2026-04-01;21;100.80;86.40;0;9.60;0;4.80;0;Consuntivo
E0051;2026-04-01;21;168;160;0;8;0;0;0;Consuntivo
E0052;2026-04-01;21;168;136;6;16;0;16;0;Consuntivo
E0053;2026-04-01;21;168;144;4;24;0;0;0;Consuntivo
E0054;2026-04-01;21;134.40;100.40;6;32;2;0;15;Consuntivo
E0055;2026-04-01;21;168;150;4;16;2;0;11;Consuntivo
E0056;2026-04-01;21;168;166;0;0;2;0;6;Consuntivo
E0057;2026-04-01;21;168;150;8;16;2;0;0;Consuntivo
E0058;2026-04-01;21;168;156;4;8;4;0;0;Consuntivo
E0059;2026-04-01;21;100.80;100.80;0;0;0;0;21;Consuntivo
E0060;2026-04-01;21;168;164;0;0;4;0;0;Consuntivo
E0061;2026-04-01;21;168;144;0;8;0;16;0;Consuntivo
E0062;2026-04-01;21;168;124;0;24;4;16;12;Consuntivo
E0063;2026-04-01;21;168;148;2;16;4;0;0;Consuntivo
E0064;2026-04-01;21;126;92;0;30;4;0;0;Consuntivo
E0065;2026-04-01;21;168;166;0;0;2;0;0;Consuntivo
E0066;2026-04-01;21;84;76;2;0;0;8;19;Consuntivo
E0067;2026-04-01;21;168;151;2;8;1;8;0;Consuntivo
E0068;2026-04-01;21;84;84;0;0;0;0;1;Consuntivo
E0069;2026-04-01;21;168;152;2;16;0;0;19;Consuntivo
E0070;2026-04-01;21;168;128;6;40;0;0;8;Consuntivo
E0071;2026-04-01;21;168;168;0;0;0;0;0;Consuntivo
E0072;2026-04-01;21;126;120;4;6;0;0;0;Consuntivo
E0073;2026-04-01;21;168;156;2;0;4;8;0;Consuntivo
E0074;2026-04-01;21;168;168;1;0;0;0;21;Consuntivo
E0075;2026-04-01;21;168;160;6;0;0;8;20;Consuntivo
E0076;2026-04-01;21;126;108;1;18;0;0;9;Consuntivo
E0077;2026-04-01;21;168;148;0;0;4;16;0;Consuntivo
E0078;2026-04-01;21;168;142;0;24;2;0;0;Consuntivo
E0079;2026-04-01;21;168;128;4;40;0;0;0;Consuntivo
E0080;2026-04-01;21;168;160;4;8;0;0;0;Consuntivo
E0081;2026-04-01;21;168;164;1;0;4;0;11;Consuntivo
E0082;2026-04-01;21;168;134;0;16;2;16;0;Consuntivo
E0083;2026-04-01;21;168;150;12;16;2;0;0;Consuntivo
E0084;2026-04-01;21;168;148;8;8;4;8;0;Consuntivo
E0085;2026-04-01;21;168;128;0;40;0;0;0;Consuntivo
E0086;2026-04-01;21;168;128;0;40;0;0;5;Consuntivo
E0087;2026-04-01;21;168;143;6;16;1;8;17;Consuntivo
E0088;2026-04-01;21;168;112;0;40;0;16;0;Consuntivo
E0089;2026-04-01;21;168;144;0;16;0;8;18;Consuntivo
E0090;2026-04-01;21;100.80;98.80;6;0;2;0;0;Consuntivo
E0091;2026-04-01;21;134.40;128;0;0;0;6.40;0;Consuntivo
E0092;2026-04-01;21;168;156;4;0;4;8;0;Consuntivo
E0093;2026-04-01;21;100.80;96;4;4.80;0;0;0;Consuntivo
E0094;2026-04-01;21;168;159;0;0;1;8;0;Consuntivo
E0095;2026-04-01;21;168;160;1;8;0;0;20;Consuntivo
E0096;2026-04-01;21;168;168;8;0;0;0;21;Consuntivo
E0097;2026-04-01;21;168;167;1;0;1;0;15;Consuntivo
E0098;2026-04-01;21;168;166;0;0;2;0;20;Consuntivo
E0099;2026-04-01;21;168;127;4;40;1;0;0;Consuntivo
E0100;2026-04-01;21;168;144;0;24;0;0;2;Consuntivo
E0101;2026-04-01;21;168;134;6;24;2;8;13;Consuntivo
E0102;2026-04-01;21;168;160;1;8;0;0;20;Consuntivo
E0103;2026-04-01;21;168;152;0;0;0;16;13;Consuntivo
E0104;2026-04-01;21;168;144;0;16;0;8;5;Consuntivo
E0105;2026-04-01;21;168;152;8;16;0;0;0;Consuntivo
E0106;2026-04-01;21;168;152;0;16;0;0;11;Consuntivo
E0107;2026-04-01;21;126;120;0;6;0;0;0;Consuntivo
E0108;2026-04-01;21;168;168;4;0;0;0;0;Consuntivo
E0109;2026-04-01;21;168;167;12;0;1;0;0;Consuntivo
E0110;2026-04-01;21;168;144;4;24;0;0;5;Consuntivo
E0111;2026-04-01;21;168;164;2;0;4;0;14;Consuntivo
E0112;2026-04-01;21;151.20;144;1;0;0;7.20;20;Consuntivo
E0113;2026-04-01;21;126;126;0;0;0;0;13;Consuntivo
E0114;2026-04-01;21;168;152;4;0;0;16;2;Consuntivo
E0115;2026-04-01;21;100.80;86.40;0;9.60;0;4.80;0;Consuntivo
E0116;2026-04-01;21;168;136;4;24;0;8;17;Consuntivo
E0117;2026-04-01;21;151.20;135.80;2;14.40;1;0;14;Consuntivo
E0118;2026-04-01;21;100.80;91.20;2;4.80;0;4.80;0;Consuntivo
E0119;2026-04-01;21;168;118;8;40;2;8;0;Consuntivo
E0120;2026-04-01;21;168;128;0;40;0;0;0;Consuntivo
E0121;2026-04-01;21;168;160;6;8;0;0;5;Consuntivo
E0122;2026-04-01;21;134.40;117.60;0;6.40;4;6.40;4;Consuntivo
E0123;2026-04-01;21;168;120;0;40;0;8;15;Consuntivo
E0124;2026-04-01;21;168;142;0;16;2;8;0;Consuntivo
E0125;2026-04-01;21;168;168;0;0;0;0;9;Consuntivo
E0126;2026-04-01;21;134.40;134.40;12;0;0;0;0;Consuntivo
E0127;2026-04-01;21;168;152;0;16;0;0;19;Consuntivo
E0128;2026-04-01;21;168;144;0;24;0;0;0;Consuntivo
E0129;2026-04-01;21;168;140;0;24;4;0;10;Consuntivo
E0130;2026-04-01;21;84;68;8;4;4;8;5;Consuntivo
E0131;2026-04-01;21;168;144;8;8;0;16;0;Consuntivo
E0132;2026-04-01;21;168;127;0;40;1;0;12;Consuntivo
E0133;2026-04-01;21;168;160;1;0;0;8;0;Consuntivo
E0134;2026-04-01;21;126;125;2;0;1;0;14;Consuntivo
E0135;2026-04-01;21;134.40;108.80;4;12.80;0;12.80;8;Consuntivo
E0136;2026-04-01;21;168;167;2;0;1;0;14;Consuntivo
E0137;2026-04-01;21;168;159;0;0;1;8;19;Consuntivo
E0138;2026-04-01;21;168;160;1;8;0;0;0;Consuntivo
E0139;2026-04-01;21;168;143;0;24;1;0;0;Consuntivo
E0140;2026-04-01;21;126;126;0;0;0;0;21;Consuntivo
E0141;2026-04-01;21;168;148;0;16;4;0;0;Consuntivo
E0142;2026-04-01;21;168;159;12;8;1;0;0;Consuntivo
E0143;2026-04-01;21;100.80;96;0;4.80;0;0;6;Consuntivo
E0144;2026-04-01;21;168;160;12;8;0;0;8;Consuntivo
E0145;2026-04-01;21;168;140;0;8;4;16;9;Consuntivo
E0146;2026-04-01;21;84;84;2;0;0;0;0;Consuntivo
E0147;2026-04-01;21;168;124;0;40;4;0;2;Consuntivo
E0148;2026-04-01;21;168;150;0;16;2;0;0;Consuntivo
E0149;2026-04-01;21;168;120;8;40;0;8;1;Consuntivo
E0150;2026-04-01;21;168;156;0;8;4;0;0;Consuntivo
E0151;2026-04-01;21;168;160;6;0;0;8;0;Consuntivo
E0152;2026-04-01;21;84;75;0;0;1;8;0;Consuntivo
E0153;2026-04-01;21;168;128;0;40;0;0;16;Consuntivo
E0154;2026-04-01;21;151.20;147.20;4;0;4;0;0;Consuntivo
E0155;2026-04-01;21;168;136;0;16;0;16;2;Consuntivo
E0156;2026-04-01;21;168;167;0;0;1;0;0;Consuntivo
E0157;2026-04-01;21;168;128;0;40;0;0;3;Consuntivo
E0158;2026-04-01;21;168;132;4;24;4;8;0;Consuntivo
E0159;2026-04-01;21;168;168;0;0;0;0;21;Consuntivo
E0160;2026-04-01;21;168;156;0;8;4;0;0;Consuntivo
E0161;2026-04-01;21;168;144;0;24;0;0;13;Consuntivo
E0162;2026-04-01;21;168;128;0;40;0;0;13;Consuntivo
E0163;2026-04-01;21;168;168;1;0;0;0;0;Consuntivo
E0164;2026-04-01;21;168;168;1;0;0;0;5;Consuntivo
E0165;2026-04-01;21;168;126;0;40;2;0;0;Consuntivo
E0166;2026-04-01;21;168;132;0;24;4;8;0;Consuntivo
E0167;2026-04-01;21;168;152;6;16;0;0;0;Consuntivo
E0168;2026-04-01;21;168;128;0;40;0;0;16;Consuntivo
E0169;2026-04-01;21;100.80;100.80;6;0;0;0;0;Consuntivo
E0170;2026-04-01;21;168;168;0;0;0;0;0;Consuntivo
E0171;2026-04-01;21;84;59;8;20;1;4;0;Consuntivo
E0172;2026-04-01;21;168;112;0;40;0;16;0;Consuntivo
E0173;2026-04-01;21;168;168;8;0;0;0;3;Consuntivo
E0174;2026-04-01;21;100.80;87.20;2;9.60;4;0;0;Consuntivo
E0175;2026-04-01;21;168;127;6;40;1;0;0;Consuntivo
E0176;2026-04-01;21;168;156;1;0;4;8;0;Consuntivo
E0177;2026-04-01;21;84;64;4;20;0;0;7;Consuntivo
E0178;2026-04-01;21;126;122;2;0;4;0;20;Consuntivo
E0179;2026-04-01;21;168;158;6;0;2;8;0;Consuntivo
E0180;2026-04-01;21;126;124;0;0;2;0;20;Consuntivo
E0181;2026-04-01;21;168;124;0;40;4;0;0;Consuntivo
E0182;2026-04-01;21;168;164;2;0;4;0;20;Consuntivo
E0183;2026-04-01;21;168;126;0;40;2;0;13;Consuntivo
E0184;2026-04-01;21;168;166;0;0;2;0;0;Consuntivo
E0185;2026-04-01;21;168;150;8;8;2;8;0;Consuntivo
E0186;2026-04-01;21;168;158;6;8;2;0;0;Consuntivo
E0187;2026-04-01;21;168;164;2;0;4;0;14;Consuntivo
E0188;2026-04-01;21;84;64;4;20;0;0;0;Consuntivo
E0189;2026-04-01;21;168;120;0;40;0;8;5;Consuntivo
E0190;2026-04-01;21;168;152;0;0;0;16;17;Consuntivo
E0191;2026-04-01;21;168;168;2;0;0;0;0;Consuntivo
E0192;2026-04-01;21;134.40;134.40;0;0;0;0;0;Consuntivo
E0193;2026-04-01;21;168;159;4;0;1;8;0;Consuntivo
E0194;2026-04-01;21;168;151;0;16;1;0;10;Consuntivo
E0195;2026-04-01;3;24;20;2;0;4;0;0;Consuntivo
E0196;2026-04-01;21;168;152;0;0;0;16;0;Consuntivo
E0197;2026-04-01;21;168;168;2;0;0;0;0;Consuntivo
E0198;2026-04-01;9;72;60;1;8;4;0;0;Consuntivo
E0199;2026-04-01;21;168;166;0;0;2;0;6;Consuntivo
E0200;2026-04-01;21;168;164;8;0;4;0;10;Consuntivo
E0201;2026-04-01;21;168;159;8;0;1;8;19;Consuntivo
E0202;2026-04-01;21;168;152;2;16;0;0;0;Consuntivo
E0203;2026-04-01;21;168;159;4;8;1;0;0;Consuntivo
E0204;2026-04-01;21;168;127;0;24;1;16;0;Consuntivo
E0205;2026-04-01;21;168;144;0;24;0;0;6;Consuntivo
E0206;2026-04-01;21;168;143;0;8;1;16;13;Consuntivo
E0207;2026-04-01;21;168;152;0;0;0;16;0;Consuntivo
E0208;2026-04-01;21;168;158;0;8;2;0;18;Consuntivo
E0209;2026-04-01;21;168;128;0;40;0;0;0;Consuntivo
E0210;2026-04-01;21;168;136;12;24;0;8;7;Consuntivo
E0211;2026-04-01;21;168;156;0;8;4;0;11;Consuntivo
E0212;2026-04-01;21;168;150;0;0;2;16;18;Consuntivo
E0213;2026-04-01;21;168;112;0;40;0;16;0;Consuntivo
E0214;2026-04-01;21;126;122;0;0;4;0;0;Consuntivo
E0215;2026-04-01;21;168;128;4;40;0;0;0;Consuntivo
E0216;2026-04-01;21;168;134;0;16;2;16;0;Consuntivo
E0217;2026-04-01;21;168;151;12;16;1;0;0;Consuntivo
E0218;2026-04-01;21;168;136;4;24;0;8;17;Consuntivo
E0219;2026-04-01;21;134.40;95;4;32;1;6.40;0;Consuntivo
E0220;2026-04-01;21;168;127;1;40;1;0;0;Consuntivo
E0223;2026-04-01;13;104;104;2;0;0;0;0;Consuntivo
E0234;2026-04-01;6;48;32;2;0;0;16;0;Consuntivo
E0237;2026-04-01;14;112;52;0;40;4;16;0;Consuntivo
E0240;2026-04-01;12;96;72;12;8;0;16;0;Consuntivo
E0248;2026-04-01;18;144;112;2;24;0;8;0;Consuntivo
E0253;2026-04-01;20;120;114;0;6;0;0;16;Consuntivo
E0254;2026-04-01;9;72;71;0;0;1;0;4;Consuntivo
E0257;2026-04-01;6;48;24;6;16;0;8;3;Consuntivo
E0260;2026-04-01;9;72;68;6;0;4;0;0;Consuntivo
E0001;2026-05-01;20;128;119.60;0;0;2;6.40;18;Consuntivo
E0002;2026-05-01;20;160;120;8;40;0;0;0;Consuntivo
E0003;2026-05-01;20;160;120;0;40;0;0;0;Consuntivo
E0004;2026-05-01;20;80;80;0;0;0;0;0;Consuntivo
E0005;2026-05-01;20;160;151;0;8;1;0;0;Consuntivo
E0006;2026-05-01;20;128;126;0;0;2;0;18;Consuntivo
E0007;2026-05-01;20;160;144;0;16;0;0;10;Consuntivo
E0008;2026-05-01;20;160;158;0;0;2;0;0;Consuntivo
E0009;2026-05-01;20;160;150;0;8;2;0;0;Consuntivo
E0010;2026-05-01;20;160;151;0;8;1;0;16;Consuntivo
E0011;2026-05-01;20;160;152;0;0;0;8;0;Consuntivo
E0012;2026-05-01;20;160;151;0;0;1;8;0;Consuntivo
E0013;2026-05-01;20;160;160;4;0;0;0;0;Consuntivo
E0014;2026-05-01;20;120;102;8;18;0;0;3;Consuntivo
E0015;2026-05-01;20;160;135;0;24;1;0;16;Consuntivo
E0016;2026-05-01;20;160;144;1;0;0;16;18;Consuntivo
E0017;2026-05-01;20;160;136;6;24;0;0;0;Consuntivo
E0018;2026-05-01;20;160;132;0;24;4;0;4;Consuntivo
E0019;2026-05-01;20;160;127;0;16;1;16;0;Consuntivo
E0020;2026-05-01;20;160;156;4;0;4;0;19;Consuntivo
E0021;2026-05-01;20;128;106.80;0;12.80;2;6.40;2;Consuntivo
E0022;2026-05-01;20;128;128;0;0;0;0;0;Consuntivo
E0023;2026-05-01;20;160;119;6;24;1;16;0;Consuntivo
E0024;2026-05-01;20;160;132;0;8;4;16;0;Consuntivo
E0025;2026-05-01;20;144;122.40;0;21.60;0;0;3;Consuntivo
E0026;2026-05-01;20;160;156;2;0;4;0;0;Consuntivo
E0027;2026-05-01;20;160;160;0;0;0;0;0;Consuntivo
E0028;2026-05-01;20;160;120;4;24;0;16;0;Consuntivo
E0029;2026-05-01;20;160;159;0;0;1;0;16;Consuntivo
E0030;2026-05-01;20;160;160;0;0;0;0;0;Consuntivo
E0031;2026-05-01;20;160;126;2;24;2;8;0;Consuntivo
E0032;2026-05-01;20;160;116;4;24;4;16;0;Consuntivo
E0033;2026-05-01;20;160;128;0;16;0;16;0;Consuntivo
E0034;2026-05-01;20;160;128;0;16;0;16;16;Consuntivo
E0035;2026-05-01;20;160;148;6;0;4;8;18;Consuntivo
E0036;2026-05-01;20;160;151;4;0;1;8;0;Consuntivo
E0037;2026-05-01;20;160;111;0;40;1;8;10;Consuntivo
E0038;2026-05-01;20;128;121.60;1;0;0;6.40;3;Consuntivo
E0039;2026-05-01;20;160;112;12;40;0;8;0;Consuntivo
E0040;2026-05-01;20;160;132;4;8;4;16;0;Consuntivo
E0041;2026-05-01;20;160;144;4;16;0;0;18;Consuntivo
E0042;2026-05-01;20;160;102;0;40;2;16;0;Consuntivo
E0043;2026-05-01;20;120;114;4;6;0;0;19;Consuntivo
E0044;2026-05-01;20;160;150;0;8;2;0;0;Consuntivo
E0045;2026-05-01;20;160;144;0;0;0;16;18;Consuntivo
E0046;2026-05-01;20;160;144;0;16;0;0;0;Consuntivo
E0047;2026-05-01;20;128;81.20;6;32;2;12.80;12;Consuntivo
E0048;2026-05-01;20;160;151;12;8;1;0;0;Consuntivo
E0049;2026-05-01;20;160;120;0;40;0;0;0;Consuntivo
E0050;2026-05-01;20;96;75.80;1;9.60;1;9.60;0;Consuntivo
E0051;2026-05-01;20;160;134;6;24;2;0;0;Consuntivo
E0052;2026-05-01;20;160;116;8;40;4;0;0;Consuntivo
E0053;2026-05-01;20;160;143;0;16;1;0;0;Consuntivo
E0054;2026-05-01;20;128;79.20;12;32;4;12.80;12;Consuntivo
E0055;2026-05-01;20;160;160;0;0;0;0;20;Consuntivo
E0056;2026-05-01;20;160;156;1;0;4;0;10;Consuntivo
E0057;2026-05-01;20;160;134;12;24;2;0;0;Consuntivo
E0058;2026-05-01;20;160;142;0;16;2;0;0;Consuntivo
E0059;2026-05-01;20;96;95;1;0;1;0;19;Consuntivo
E0060;2026-05-01;20;160;104;0;40;0;16;0;Consuntivo
E0061;2026-05-01;20;160;159;12;0;1;0;0;Consuntivo
E0062;2026-05-01;20;160;120;0;40;0;0;1;Consuntivo
E0063;2026-05-01;20;160;120;0;24;0;16;0;Consuntivo
E0064;2026-05-01;20;120;98;0;18;4;0;0;Consuntivo
E0065;2026-05-01;20;160;159;0;0;1;0;0;Consuntivo
E0066;2026-05-01;20;80;68;2;12;0;0;17;Consuntivo
E0067;2026-05-01;20;160;142;0;16;2;0;0;Consuntivo
E0068;2026-05-01;20;80;68;0;4;0;8;1;Consuntivo
E0069;2026-05-01;20;160;142;1;0;2;16;17;Consuntivo
E0070;2026-05-01;20;160;144;6;16;0;0;14;Consuntivo
E0071;2026-05-01;20;160;152;0;0;0;8;14;Consuntivo
E0072;2026-05-01;20;120;96;4;12;0;12;0;Consuntivo
E0073;2026-05-01;20;160;132;0;24;4;0;0;Consuntivo
E0074;2026-05-01;20;160;144;8;0;0;16;18;Consuntivo
E0075;2026-05-01;20;160;140;6;8;4;8;17;Consuntivo
E0076;2026-05-01;20;120;76;6;30;2;12;0;Consuntivo
E0077;2026-05-01;20;160;144;4;16;0;0;0;Consuntivo
E0078;2026-05-01;20;160;142;2;16;2;0;9;Consuntivo
E0079;2026-05-01;20;160;150;4;8;2;0;0;Consuntivo
E0080;2026-05-01;20;160;135;8;24;1;0;0;Consuntivo
E0081;2026-05-01;20;160;134;0;24;2;0;8;Consuntivo
E0082;2026-05-01;20;160;120;0;40;0;0;0;Consuntivo
E0083;2026-05-01;20;160;156;1;0;4;0;0;Consuntivo
E0084;2026-05-01;20;160;119;1;40;1;0;0;Consuntivo
E0085;2026-05-01;20;160;160;4;0;0;0;0;Consuntivo
E0086;2026-05-01;20;160;151;0;0;1;8;2;Consuntivo
E0087;2026-05-01;20;160;126;6;16;2;16;15;Consuntivo
E0088;2026-05-01;20;160;160;8;0;0;0;0;Consuntivo
E0089;2026-05-01;20;160;152;0;0;0;8;19;Consuntivo
E0090;2026-05-01;20;96;71;6;14.40;1;9.60;0;Consuntivo
E0091;2026-05-01;20;128;106.80;6;12.80;2;6.40;0;Consuntivo
E0092;2026-05-01;20;160;152;0;8;0;0;0;Consuntivo
E0093;2026-05-01;20;96;71;4;24;1;0;0;Consuntivo
E0094;2026-05-01;20;160;140;1;0;4;16;0;Consuntivo
E0095;2026-05-01;20;160;116;0;40;4;0;14;Consuntivo
E0096;2026-05-01;20;160;120;0;40;0;0;15;Consuntivo
E0097;2026-05-01;20;160;150;8;0;2;8;7;Consuntivo
E0098;2026-05-01;20;160;119;4;40;1;0;14;Consuntivo
E0099;2026-05-01;20;160;160;1;0;0;0;0;Consuntivo
E0100;2026-05-01;20;160;160;1;0;0;0;5;Consuntivo
E0101;2026-05-01;20;160;118;0;40;2;0;7;Consuntivo
E0102;2026-05-01;20;160;118;0;40;2;0;14;Consuntivo
E0103;2026-05-01;20;160;140;0;16;4;0;9;Consuntivo
E0104;2026-05-01;20;160;120;0;40;0;0;15;Consuntivo
E0105;2026-05-01;20;160;151;0;8;1;0;0;Consuntivo
E0106;2026-05-01;20;160;159;0;0;1;0;12;Consuntivo
E0107;2026-05-01;20;120;86;0;30;4;0;0;Consuntivo
E0108;2026-05-01;20;160;151;0;8;1;0;0;Consuntivo
E0109;2026-05-01;20;160;119;4;40;1;0;0;Consuntivo
E0110;2026-05-01;20;160;128;0;16;0;16;14;Consuntivo
E0111;2026-05-01;20;160;140;1;16;4;0;2;Consuntivo
E0112;2026-05-01;20;144;108;0;21.60;0;14.40;15;Consuntivo
E0113;2026-05-01;20;120;90;0;30;0;0;5;Consuntivo
E0114;2026-05-01;20;160;143;8;16;1;0;14;Consuntivo
E0115;2026-05-01;20;96;66.20;2;24;1;4.80;0;Consuntivo
E0116;2026-05-01;20;160;144;1;16;0;0;18;Consuntivo
E0117;2026-05-01;20;144;92.60;0;36;1;14.40;2;Consuntivo
E0118;2026-05-01;20;96;86.40;0;0;0;9.60;0;Consuntivo
E0119;2026-05-01;20;160;152;4;0;0;8;0;Consuntivo
E0120;2026-05-01;20;160;152;2;8;0;0;0;Consuntivo
E0121;2026-05-01;20;160;120;4;40;0;0;15;Consuntivo
E0122;2026-05-01;20;128;128;1;0;0;0;7;Consuntivo
E0123;2026-05-01;20;160;156;0;0;4;0;19;Consuntivo
E0124;2026-05-01;20;160;160;2;0;0;0;0;Consuntivo
E0125;2026-05-01;20;160;158;0;0;2;0;15;Consuntivo
E0126;2026-05-01;20;128;121.60;2;6.40;0;0;0;Consuntivo
E0127;2026-05-01;20;160;158;0;0;2;0;19;Consuntivo
E0128;2026-05-01;20;160;144;0;16;0;0;9;Consuntivo
E0129;2026-05-01;20;160;102;4;40;2;16;0;Consuntivo
E0130;2026-05-01;20;80;76;6;0;4;0;5;Consuntivo
E0131;2026-05-01;20;160;136;4;24;0;0;0;Consuntivo
E0132;2026-05-01;20;160;120;4;24;0;16;2;Consuntivo
E0133;2026-05-01;20;160;126;0;16;2;16;0;Consuntivo
E0134;2026-05-01;20;120;120;1;0;0;0;8;Consuntivo
E0135;2026-05-01;20;128;104.80;1;19.20;4;0;3;Consuntivo
E0136;2026-05-01;20;160;159;0;0;1;0;0;Consuntivo
E0137;2026-05-01;20;160;158;1;0;2;0;19;Consuntivo
E0138;2026-05-01;20;160;136;1;8;0;16;0;Consuntivo
E0139;2026-05-01;20;160;152;0;0;0;8;0;Consuntivo
E0140;2026-05-01;20;120;100;2;18;2;0;16;Consuntivo
E0141;2026-05-01;20;160;132;0;24;4;0;0;Consuntivo
E0142;2026-05-01;20;160;142;2;16;2;0;0;Consuntivo
E0143;2026-05-01;20;96;82.40;1;0;4;9.60;11;Consuntivo
E0144;2026-05-01;20;160;160;0;0;0;0;12;Consuntivo
E0145;2026-05-01;20;160;152;0;8;0;0;0;Consuntivo
E0146;2026-05-01;20;80;68;0;0;4;8;0;Consuntivo
E0147;2026-05-01;20;160;100;0;40;4;16;6;Consuntivo
E0148;2026-05-01;20;160;152;0;8;0;0;0;Consuntivo
E0149;2026-05-01;20;160;120;2;40;0;0;6;Consuntivo
E0150;2026-05-01;20;160;128;2;24;0;8;0;Consuntivo
E0151;2026-05-01;20;160;136;0;24;0;0;0;Consuntivo
E0152;2026-05-01;20;80;75;1;4;1;0;0;Consuntivo
E0153;2026-05-01;20;160;140;1;0;4;16;17;Consuntivo
E0154;2026-05-01;20;144;143;12;0;1;0;0;Consuntivo
E0155;2026-05-01;20;160;159;0;0;1;0;0;Consuntivo
E0156;2026-05-01;20;160;127;8;24;1;8;0;Consuntivo
E0157;2026-05-01;20;160;128;8;16;0;16;15;Consuntivo
E0158;2026-05-01;20;160;144;8;8;0;8;0;Consuntivo
E0159;2026-05-01;20;160;159;6;0;1;0;19;Consuntivo
E0160;2026-05-01;20;160;152;2;0;0;8;0;Consuntivo
E0161;2026-05-01;20;160;160;0;0;0;0;14;Consuntivo
E0162;2026-05-01;20;160;132;0;24;4;0;6;Consuntivo
E0163;2026-05-01;20;160;140;0;16;4;0;0;Consuntivo
E0164;2026-05-01;20;160;160;0;0;0;0;8;Consuntivo
E0165;2026-05-01;20;160;156;0;0;4;0;0;Consuntivo
E0166;2026-05-01;20;160;148;0;8;4;0;0;Consuntivo
E0167;2026-05-01;20;160;135;8;24;1;0;0;Consuntivo
E0168;2026-05-01;20;160;144;0;8;0;8;18;Consuntivo
E0169;2026-05-01;20;96;60.40;2;24;2;9.60;0;Consuntivo
E0170;2026-05-01;20;160;142;4;8;2;8;0;Consuntivo
E0171;2026-05-01;20;80;59;8;20;1;0;0;Consuntivo
E0172;2026-05-01;20;160;151;6;0;1;8;0;Consuntivo
E0173;2026-05-01;20;160;143;4;0;1;16;2;Consuntivo
E0174;2026-05-01;20;96;70;1;24;2;0;0;Consuntivo
E0175;2026-05-01;20;160;120;8;40;0;0;0;Consuntivo
E0176;2026-05-01;20;160;144;1;0;0;16;0;Consuntivo
E0177;2026-05-01;20;80;74;4;4;2;0;6;Consuntivo
E0178;2026-05-01;20;120;89;0;30;1;0;14;Consuntivo
E0179;2026-05-01;20;160;120;4;40;0;0;0;Consuntivo
E0180;2026-05-01;20;120;77;0;30;1;12;12;Consuntivo
E0181;2026-05-01;20;160;144;0;16;0;0;0;Consuntivo
E0182;2026-05-01;20;160;134;4;24;2;0;16;Consuntivo
E0183;2026-05-01;20;160;152;0;8;0;0;5;Consuntivo
E0184;2026-05-01;20;160;127;8;24;1;8;0;Consuntivo
E0185;2026-05-01;20;160;136;0;16;0;8;0;Consuntivo
E0186;2026-05-01;20;160;150;2;0;2;8;0;Consuntivo
E0187;2026-05-01;20;160;140;2;0;4;16;9;Consuntivo
E0188;2026-05-01;20;80;70;8;8;2;0;0;Consuntivo
E0189;2026-05-01;20;160;159;0;0;1;0;8;Consuntivo
E0190;2026-05-01;20;160;144;6;16;0;0;8;Consuntivo
E0191;2026-05-01;13;104;96;12;8;0;0;0;Consuntivo
E0192;2026-05-01;20;128;121.60;0;6.40;0;0;0;Consuntivo
E0193;2026-05-01;20;160;156;8;0;4;0;0;Consuntivo
E0194;2026-05-01;20;160;142;0;16;2;0;2;Consuntivo
E0196;2026-05-01;20;160;136;2;24;0;0;0;Consuntivo
E0197;2026-05-01;20;160;142;0;16;2;0;0;Consuntivo
E0199;2026-05-01;3;24;0;0;24;0;0;0;Consuntivo
E0200;2026-05-01;20;160;104;1;40;0;16;2;Consuntivo
E0201;2026-05-01;20;160;152;4;8;0;0;19;Consuntivo
E0202;2026-05-01;20;160;136;1;24;0;0;0;Consuntivo
E0203;2026-05-01;20;160;158;0;0;2;0;0;Consuntivo
E0204;2026-05-01;20;160;152;4;8;0;0;0;Consuntivo
E0205;2026-05-01;20;160;159;4;0;1;0;4;Consuntivo
E0206;2026-05-01;20;160;160;2;0;0;0;5;Consuntivo
E0207;2026-05-01;20;160;152;0;0;0;8;0;Consuntivo
E0208;2026-05-01;20;160;152;4;8;0;0;11;Consuntivo
E0209;2026-05-01;20;160;160;0;0;0;0;0;Consuntivo
E0210;2026-05-01;20;160;160;4;0;0;0;10;Consuntivo
E0211;2026-05-01;20;160;150;4;8;2;0;18;Consuntivo
E0212;2026-05-01;20;160;135;4;16;1;8;16;Consuntivo
E0213;2026-05-01;20;160;143;0;16;1;0;0;Consuntivo
E0214;2026-05-01;20;120;114;6;6;0;0;0;Consuntivo
E0215;2026-05-01;20;160;158;0;0;2;0;0;Consuntivo
E0216;2026-05-01;20;160;144;1;0;0;16;0;Consuntivo
E0217;2026-05-01;20;160;116;4;40;4;0;0;Consuntivo
E0218;2026-05-01;20;160;128;6;24;0;8;16;Consuntivo
E0219;2026-05-01;20;128;89.60;0;32;0;6.40;0;Consuntivo
E0220;2026-05-01;20;160;136;0;24;0;0;0;Consuntivo
E0223;2026-05-01;20;160;135;0;16;1;8;0;Consuntivo
E0227;2026-05-01;10;80;23;1;40;1;16;0;Consuntivo
E0234;2026-05-01;20;160;152;6;0;0;8;0;Consuntivo
E0235;2026-05-01;5;40;38;0;0;2;0;4;Consuntivo
E0237;2026-05-01;20;160;142;0;0;2;16;0;Consuntivo
E0240;2026-05-01;20;160;156;8;0;4;0;0;Consuntivo
E0242;2026-05-01;1;8;7;0;0;1;0;0;Consuntivo
E0248;2026-05-01;20;160;124;0;24;4;8;0;Consuntivo
E0253;2026-05-01;20;120;108;0;0;0;12;12;Consuntivo
E0254;2026-05-01;20;160;144;2;16;0;0;0;Consuntivo
E0257;2026-05-01;20;160;148;12;8;4;0;18;Consuntivo
E0260;2026-05-01;20;160;156;8;0;4;0;0;Consuntivo
E0001;2026-06-01;21;134.40;119.60;0;12.80;2;0;12;Consuntivo
E0002;2026-06-01;21;168;108;8;40;4;16;0;Consuntivo
E0003;2026-06-01;21;168;168;0;0;0;0;0;Consuntivo
E0004;2026-06-01;21;84;63;4;20;1;0;0;Consuntivo
E0005;2026-06-01;21;168;143;1;24;1;0;0;Consuntivo
E0006;2026-06-01;21;134.40;98.40;4;19.20;4;12.80;5;Consuntivo
E0007;2026-06-01;21;168;160;1;0;0;8;7;Consuntivo
E0008;2026-06-01;21;168;112;1;40;0;16;0;Consuntivo
E0009;2026-06-01;21;168;128;8;40;0;0;0;Consuntivo
E0010;2026-06-01;21;168;160;0;8;0;0;3;Consuntivo
E0011;2026-06-01;21;168;128;12;40;0;0;0;Consuntivo
E0012;2026-06-01;21;168;148;4;8;4;8;0;Consuntivo
E0013;2026-06-01;21;168;166;6;0;2;0;0;Consuntivo
E0014;2026-06-01;21;126;114;0;12;0;0;2;Consuntivo
E0015;2026-06-01;21;168;128;1;24;0;16;16;Consuntivo
E0016;2026-06-01;21;168;108;0;40;4;16;13;Consuntivo
E0017;2026-06-01;21;168;151;0;16;1;0;0;Consuntivo
E0018;2026-06-01;21;168;152;4;16;0;0;12;Consuntivo
E0019;2026-06-01;21;168;124;0;40;4;0;0;Consuntivo
E0020;2026-06-01;21;168;128;0;40;0;0;16;Consuntivo
E0021;2026-06-01;21;134.40;102.40;8;19.20;0;12.80;8;Consuntivo
E0022;2026-06-01;21;134.40;121.60;8;12.80;0;0;0;Consuntivo
E0023;2026-06-01;21;168;134;2;16;2;16;0;Consuntivo
E0024;2026-06-01;21;168;160;1;8;0;0;0;Consuntivo
E0025;2026-06-01;21;151.20;99.80;0;36;1;14.40;7;Consuntivo
E0026;2026-06-01;21;168;168;2;0;0;0;0;Consuntivo
E0027;2026-06-01;21;168;128;4;40;0;0;0;Consuntivo
E0028;2026-06-01;21;168;136;6;16;0;16;4;Consuntivo
E0029;2026-06-01;21;168;126;12;40;2;0;9;Consuntivo
E0030;2026-06-01;21;168;151;1;16;1;0;0;Consuntivo
E0031;2026-06-01;21;168;124;12;40;4;0;0;Consuntivo
E0032;2026-06-01;21;168;168;2;0;0;0;0;Consuntivo
E0033;2026-06-01;21;168;158;12;0;2;8;0;Consuntivo
E0034;2026-06-01;21;168;142;0;24;2;0;17;Consuntivo
E0035;2026-06-01;21;168;151;12;16;1;0;18;Consuntivo
E0036;2026-06-01;21;168;128;0;40;0;0;0;Consuntivo
E0037;2026-06-01;21;168;143;12;24;1;0;5;Consuntivo
E0038;2026-06-01;21;134.40;115.20;1;19.20;0;0;1;Consuntivo
E0039;2026-06-01;21;168;152;4;0;0;16;0;Consuntivo
E0040;2026-06-01;21;168;156;12;0;4;8;0;Consuntivo
E0041;2026-06-01;21;168;159;4;8;1;0;19;Consuntivo
E0042;2026-06-01;21;168;168;2;0;0;0;15;Consuntivo
E0043;2026-06-01;21;126;120;2;6;0;0;20;Consuntivo
E0044;2026-06-01;21;168;120;4;40;0;8;0;Consuntivo
E0045;2026-06-01;21;168;126;0;40;2;0;11;Consuntivo
E0046;2026-06-01;21;168;167;12;0;1;0;0;Consuntivo
E0047;2026-06-01;21;134.40;128;0;6.40;0;0;20;Consuntivo
E0048;2026-06-01;21;168;168;0;0;0;0;0;Consuntivo
E0049;2026-06-01;21;168;158;0;8;2;0;0;Consuntivo
E0050;2026-06-01;21;100.80;100.80;2;0;0;0;0;Consuntivo
E0051;2026-06-01;21;168;150;12;8;2;8;0;Consuntivo
E0052;2026-06-01;21;168;167;4;0;1;0;0;Consuntivo
E0053;2026-06-01;21;168;144;2;16;0;8;0;Consuntivo
E0054;2026-06-01;21;134.40;115.20;2;19.20;0;0;18;Consuntivo
E0055;2026-06-01;21;168;126;2;24;2;16;0;Consuntivo
E0056;2026-06-01;21;168;164;4;0;4;0;11;Consuntivo
E0057;2026-06-01;21;168;167;6;0;1;0;0;Consuntivo
E0058;2026-06-01;21;168;136;1;16;0;16;0;Consuntivo
E0059;2026-06-01;21;100.80;96;2;4.80;0;0;20;Consuntivo
E0060;2026-06-01;21;168;152;2;16;0;0;0;Consuntivo
E0061;2026-06-01;21;168;142;0;24;2;0;0;Consuntivo
E0062;2026-06-01;21;168;160;2;8;0;0;8;Consuntivo
E0063;2026-06-01;21;168;166;6;0;2;0;0;Consuntivo
E0064;2026-06-01;21;126;110;0;12;4;0;0;Consuntivo
E0065;2026-06-01;21;168;142;0;24;2;0;0;Consuntivo
E0066;2026-06-01;21;84;76;0;8;0;0;3;Consuntivo
E0067;2026-06-01;21;168;132;0;16;4;16;0;Consuntivo
E0068;2026-06-01;21;84;80;0;4;0;0;13;Consuntivo
E0069;2026-06-01;21;168;144;2;16;0;8;18;Consuntivo
E0070;2026-06-01;21;168;151;1;16;1;0;16;Consuntivo
E0071;2026-06-01;21;168;167;0;0;1;0;18;Consuntivo
E0072;2026-06-01;21;126;116;0;6;4;0;0;Consuntivo
E0073;2026-06-01;21;168;140;4;24;4;0;0;Consuntivo
E0074;2026-06-01;21;168;152;6;16;0;0;19;Consuntivo
E0075;2026-06-01;21;168;120;6;40;0;8;15;Consuntivo
E0076;2026-06-01;21;126;124;0;0;2;0;19;Consuntivo
E0077;2026-06-01;21;168;135;4;24;1;8;0;Consuntivo
E0078;2026-06-01;21;168;151;0;16;1;0;17;Consuntivo
E0079;2026-06-01;21;168;167;6;0;1;0;0;Consuntivo
E0080;2026-06-01;21;168;112;0;40;0;16;0;Consuntivo
E0081;2026-06-01;21;168;152;4;16;0;0;1;Consuntivo
E0082;2026-06-01;21;168;152;0;16;0;0;0;Consuntivo
E0083;2026-06-01;21;168;128;0;24;0;16;0;Consuntivo
E0084;2026-06-01;21;168;140;0;24;4;0;0;Consuntivo
E0085;2026-06-01;21;168;150;1;0;2;16;0;Consuntivo
E0086;2026-06-01;21;168;119;4;40;1;8;2;Consuntivo
E0087;2026-06-01;21;168;152;2;16;0;0;19;Consuntivo
E0088;2026-06-01;21;168;142;0;16;2;8;0;Consuntivo
E0089;2026-06-01;21;168;120;8;40;0;8;15;Consuntivo
E0090;2026-06-01;21;100.80;86.40;0;14.40;0;0;0;Consuntivo
E0091;2026-06-01;21;134.40;127;2;6.40;1;0;0;Consuntivo
E0092;2026-06-01;21;168;126;1;40;2;0;0;Consuntivo
E0093;2026-06-01;21;100.80;96;2;4.80;0;0;0;Consuntivo
E0094;2026-06-01;21;168;132;2;16;4;16;0;Consuntivo
E0095;2026-06-01;21;168;143;0;24;1;0;17;Consuntivo
E0096;2026-06-01;21;168;126;4;24;2;16;15;Consuntivo
E0097;2026-06-01;21;168;152;8;0;0;16;17;Consuntivo
E0098;2026-06-01;21;168;148;0;16;4;0;18;Consuntivo
E0099;2026-06-01;21;168;150;2;16;2;0;0;Consuntivo
E0100;2026-06-01;21;168;151;0;16;1;0;17;Consuntivo
E0101;2026-06-01;21;168;144;12;24;0;0;18;Consuntivo
E0102;2026-06-01;21;168;160;1;0;0;8;20;Consuntivo
E0103;2026-06-01;21;168;168;0;0;0;0;3;Consuntivo
E0104;2026-06-01;21;168;150;12;16;2;0;13;Consuntivo
E0105;2026-06-01;21;168;120;0;40;0;8;0;Consuntivo
E0106;2026-06-01;21;168;128;0;40;0;0;7;Consuntivo
E0107;2026-06-01;21;126;101;12;12;1;12;0;Consuntivo
E0108;2026-06-01;21;168;152;1;16;0;0;0;Consuntivo
E0109;2026-06-01;21;168;124;0;40;4;0;0;Consuntivo
E0110;2026-06-01;21;168;127;4;40;1;0;10;Consuntivo
E0111;2026-06-01;21;168;111;8;40;1;16;2;Consuntivo
E0112;2026-06-01;21;151.20;129.60;0;21.60;0;0;18;Consuntivo
E0113;2026-06-01;21;126;122;0;0;4;0;5;Consuntivo
E0114;2026-06-01;21;168;127;0;40;1;0;4;Consuntivo
E0115;2026-06-01;21;100.80;74.80;2;24;2;0;0;Consuntivo
E0116;2026-06-01;21;168;168;0;0;0;0;21;Consuntivo
E0117;2026-06-01;21;151.20;144;0;0;0;7.20;6;Consuntivo
E0118;2026-06-01;21;100.80;87.20;8;4.80;4;4.80;0;Consuntivo
E0119;2026-06-01;21;168;132;0;16;4;16;0;Consuntivo
E0120;2026-06-01;21;168;124;2;24;4;16;0;Consuntivo
E0121;2026-06-01;21;168;168;1;0;0;0;0;Consuntivo
E0122;2026-06-01;21;134.40;115.20;0;19.20;0;0;17;Consuntivo
E0123;2026-06-01;21;168;150;6;0;2;16;18;Consuntivo
E0124;2026-06-01;21;168;143;0;24;1;0;0;Consuntivo
E0125;2026-06-01;21;168;167;0;0;1;0;2;Consuntivo
E0126;2026-06-01;21;134.40;115.20;4;19.20;0;0;0;Consuntivo
E0127;2026-06-01;21;168;158;0;8;2;0;19;Consuntivo
E0128;2026-06-01;21;168;120;2;40;0;8;0;Consuntivo
E0129;2026-06-01;21;168;151;0;8;1;8;6;Consuntivo
E0130;2026-06-01;21;84;76;12;4;0;4;5;Consuntivo
E0131;2026-06-01;21;168;150;1;16;2;0;0;Consuntivo
E0132;2026-06-01;21;168;136;0;24;0;8;11;Consuntivo
E0133;2026-06-01;21;168;144;2;24;0;0;0;Consuntivo
E0134;2026-06-01;21;126;125;0;0;1;0;15;Consuntivo
E0135;2026-06-01;21;134.40;119.60;1;0;2;12.80;18;Consuntivo
E0136;2026-06-01;21;168;152;2;0;0;16;16;Consuntivo
E0137;2026-06-01;21;168;124;6;40;4;0;15;Consuntivo
E0138;2026-06-01;21;168;160;0;8;0;0;0;Consuntivo
E0139;2026-06-01;21;168;168;4;0;0;0;0;Consuntivo
E0140;2026-06-01;21;126;86;1;30;4;6;14;Consuntivo
E0141;2026-06-01;21;168;119;0;40;1;8;0;Consuntivo
E0142;2026-06-01;21;168;144;12;24;0;0;0;Consuntivo
E0143;2026-06-01;21;100.80;94;6;4.80;2;0;11;Consuntivo
E0144;2026-06-01;21;168;144;0;24;0;0;9;Consuntivo
E0145;2026-06-01;21;168;156;6;0;4;8;1;Consuntivo
E0146;2026-06-01;21;84;60;6;20;4;0;0;Consuntivo
E0147;2026-06-01;21;168;166;0;0;2;0;6;Consuntivo
E0148;2026-06-01;21;168;148;0;16;4;0;0;Consuntivo
E0149;2026-06-01;21;168;132;12;24;4;8;13;Consuntivo
E0150;2026-06-01;21;168;126;1;40;2;0;0;Consuntivo
E0151;2026-06-01;21;168;150;12;8;2;8;0;Consuntivo
E0152;2026-06-01;21;84;84;0;0;0;0;0;Consuntivo
E0153;2026-06-01;21;168;148;6;16;4;0;18;Consuntivo
E0154;2026-06-01;21;151.20;134.80;0;14.40;2;0;0;Consuntivo
E0155;2026-06-01;21;168;167;0;0;1;0;1;Consuntivo
E0156;2026-06-01;21;168;168;1;0;0;0;0;Consuntivo
E0157;2026-06-01;21;168;132;2;24;4;8;16;Consuntivo
E0158;2026-06-01;21;168;128;2;40;0;0;0;Consuntivo
E0159;2026-06-01;21;168;152;0;8;0;8;19;Consuntivo
E0160;2026-06-01;21;168;150;0;16;2;0;0;Consuntivo
E0161;2026-06-01;21;168;164;4;0;4;0;18;Consuntivo
E0162;2026-06-01;21;168;164;0;0;4;0;14;Consuntivo
E0163;2026-06-01;21;168;148;1;16;4;0;0;Consuntivo
E0164;2026-06-01;21;168;148;0;0;4;16;16;Consuntivo
E0165;2026-06-01;21;168;132;0;16;4;16;0;Consuntivo
E0166;2026-06-01;21;168;152;0;16;0;0;0;Consuntivo
E0167;2026-06-01;21;168;152;6;16;0;0;0;Consuntivo
E0168;2026-06-01;21;168;159;0;0;1;8;19;Consuntivo
E0169;2026-06-01;21;100.80;96;8;4.80;0;0;0;Consuntivo
E0170;2026-06-01;21;168;132;4;24;4;8;0;Consuntivo
E0171;2026-06-01;21;84;76;4;0;0;8;0;Consuntivo
E0172;2026-06-01;21;168;152;1;16;0;0;0;Consuntivo
E0173;2026-06-01;21;168;152;1;0;0;16;2;Consuntivo
E0174;2026-06-01;21;100.80;100.80;4;0;0;0;0;Consuntivo
E0175;2026-06-01;21;168;168;4;0;0;0;0;Consuntivo
E0176;2026-06-01;21;168;164;0;0;4;0;0;Consuntivo
E0177;2026-06-01;21;84;68;4;8;4;4;13;Consuntivo
E0178;2026-06-01;21;126;114;0;12;0;0;19;Consuntivo
E0179;2026-06-01;21;168;128;0;40;0;0;0;Consuntivo
E0180;2026-06-01;21;126;92;1;30;4;0;15;Consuntivo
E0181;2026-06-01;21;168;167;1;0;1;0;0;Consuntivo
E0182;2026-06-01;21;168;167;4;0;1;0;20;Consuntivo
E0183;2026-06-01;21;168;148;0;16;4;0;12;Consuntivo
E0184;2026-06-01;21;168;166;6;0;2;0;0;Consuntivo
E0185;2026-06-01;9;72;55;0;8;1;8;0;Consuntivo
E0186;2026-06-01;21;168;140;12;16;4;8;0;Consuntivo
E0187;2026-06-01;21;168;168;1;0;0;0;10;Consuntivo
E0188;2026-06-01;13;52;23;2;20;1;8;0;Consuntivo
E0189;2026-06-01;21;168;150;2;0;2;16;13;Consuntivo
E0190;2026-06-01;18;144;102;12;24;2;16;7;Consuntivo
E0192;2026-06-01;21;134.40;98.40;2;32;4;0;0;Consuntivo
E0193;2026-06-01;21;168;166;0;0;2;0;0;Consuntivo
E0194;2026-06-01;21;168;160;0;8;0;0;6;Consuntivo
E0196;2026-06-01;9;72;63;0;0;1;8;0;Consuntivo
E0197;2026-06-01;21;168;151;1;16;1;0;0;Consuntivo
E0200;2026-06-01;21;168;168;1;0;0;0;5;Consuntivo
E0201;2026-06-01;21;168;148;1;16;4;0;18;Consuntivo
E0202;2026-06-01;21;168;160;4;0;0;8;0;Consuntivo
E0203;2026-06-01;21;168;128;0;40;0;0;0;Consuntivo
E0204;2026-06-01;21;168;128;0;40;0;0;0;Consuntivo
E0205;2026-06-01;21;168;126;0;40;2;0;12;Consuntivo
E0206;2026-06-01;21;168;128;4;40;0;0;7;Consuntivo
E0207;2026-06-01;21;168;160;0;8;0;0;0;Consuntivo
E0208;2026-06-01;21;168;144;0;16;0;8;1;Consuntivo
E0209;2026-06-01;21;168;148;2;16;4;0;0;Consuntivo
E0210;2026-06-01;21;168;136;1;24;0;8;2;Consuntivo
E0211;2026-06-01;21;168;158;2;8;2;0;14;Consuntivo
E0212;2026-06-01;21;168;160;6;8;0;0;20;Consuntivo
E0213;2026-06-01;21;168;167;0;0;1;0;0;Consuntivo
E0214;2026-06-01;21;126;124;0;0;2;0;0;Consuntivo
E0215;2026-06-01;21;168;152;2;16;0;0;0;Consuntivo
E0216;2026-06-01;21;168;167;0;0;1;0;0;Consuntivo
E0217;2026-06-01;21;168;143;4;16;1;8;0;Consuntivo
E0218;2026-06-01;21;168;151;0;8;1;8;18;Consuntivo
E0219;2026-06-01;21;134.40;121.60;0;0;0;12.80;0;Consuntivo
E0220;2026-06-01;21;168;136;0;24;0;8;0;Consuntivo
E0223;2026-06-01;21;168;168;1;0;0;0;0;Consuntivo
E0227;2026-06-01;21;168;152;6;0;0;16;0;Consuntivo
E0229;2026-06-01;19;152;152;6;0;0;0;0;Consuntivo
E0231;2026-06-01;20;96;96;8;0;0;0;0;Consuntivo
E0234;2026-06-01;21;168;152;1;16;0;0;0;Consuntivo
E0235;2026-06-01;21;168;144;0;24;0;0;18;Consuntivo
E0237;2026-06-01;21;168;160;6;8;0;0;0;Consuntivo
E0239;2026-06-01;17;102;90;0;0;0;12;0;Consuntivo
E0240;2026-06-01;21;168;152;0;16;0;0;0;Consuntivo
E0242;2026-06-01;21;168;151;6;0;1;16;6;Consuntivo
E0246;2026-06-01;21;168;158;8;8;2;0;0;Consuntivo
E0248;2026-06-01;21;168;144;0;24;0;0;0;Consuntivo
E0252;2026-06-01;4;32;15;2;16;1;0;1;Consuntivo
E0253;2026-06-01;21;126;108;0;18;0;0;10;Consuntivo
E0254;2026-06-01;21;168;160;0;0;0;8;10;Consuntivo
E0257;2026-06-01;21;168;134;6;16;2;16;0;Consuntivo
E0260;2026-06-01;21;168;132;0;24;4;8;0;Consuntivo
E0001;2026-07-01;23;147.20;115.20;0;32;0;0;14;Consuntivo
E0002;2026-07-01;23;184;160;4;16;0;8;0;Consuntivo
E0003;2026-07-01;23;184;168;0;16;0;0;0;Consuntivo
E0004;2026-07-01;23;92;88;1;0;4;0;0;Consuntivo
E0005;2026-07-01;23;184;183;2;0;1;0;0;Consuntivo
E0006;2026-07-01;23;147.20;140.80;0;0;0;6.40;14;Consuntivo
E0007;2026-07-01;23;184;184;0;0;0;0;22;Consuntivo
E0008;2026-07-01;23;184;180;0;0;4;0;0;Consuntivo
E0009;2026-07-01;23;184;128;2;40;0;16;0;Consuntivo
E0010;2026-07-01;23;184;184;0;0;0;0;19;Consuntivo
E0011;2026-07-01;23;184;160;8;16;0;8;0;Consuntivo
E0012;2026-07-01;23;184;164;0;8;4;8;0;Consuntivo
E0013;2026-07-01;23;184;160;0;16;0;8;0;Consuntivo
E0014;2026-07-01;23;138;122;0;6;4;6;6;Consuntivo
E0015;2026-07-01;23;184;176;2;0;0;8;22;Consuntivo
E0016;2026-07-01;23;184;140;0;40;4;0;17;Consuntivo
E0017;2026-07-01;23;184;158;0;16;2;8;0;Consuntivo
E0018;2026-07-01;23;184;168;2;16;0;0;11;Consuntivo
E0019;2026-07-01;23;184;152;0;24;0;8;0;Consuntivo
E0020;2026-07-01;23;184;184;1;0;0;0;23;Consuntivo
E0021;2026-07-01;23;147.20;143.20;0;0;4;0;6;Consuntivo
E0022;2026-07-01;23;147.20;121.60;0;12.80;0;12.80;0;Consuntivo
E0023;2026-07-01;23;184;168;0;16;0;0;0;Consuntivo
E0024;2026-07-01;23;184;184;0;0;0;0;0;Consuntivo
E0025;2026-07-01;23;165.60;164.60;2;0;1;0;2;Consuntivo
E0026;2026-07-01;23;184;174;0;8;2;0;0;Consuntivo
E0027;2026-07-01;23;184;156;0;24;4;0;0;Consuntivo
E0028;2026-07-01;23;184;160;0;16;0;8;13;Consuntivo
E0029;2026-07-01;23;184;140;0;40;4;0;5;Consuntivo
E0030;2026-07-01;23;184;159;6;24;1;0;0;Consuntivo
E0031;2026-07-01;23;184;160;2;24;0;0;0;Consuntivo
E0032;2026-07-01;23;184;184;0;0;0;0;0;Consuntivo
E0033;2026-07-01;23;184;183;0;0;1;0;0;Consuntivo
E0034;2026-07-01;23;184;160;0;24;0;0;20;Consuntivo
E0035;2026-07-01;23;184;168;12;0;0;16;21;Consuntivo
E0036;2026-07-01;23;184;144;0;40;0;0;0;Consuntivo
E0037;2026-07-01;23;184;166;1;16;2;0;1;Consuntivo
E0038;2026-07-01;23;147.20;113.20;1;32;2;0;2;Consuntivo
E0039;2026-07-01;23;184;184;4;0;0;0;0;Consuntivo
E0040;2026-07-01;23;184;175;0;0;1;8;0;Consuntivo
E0041;2026-07-01;23;184;144;6;40;0;0;18;Consuntivo
E0042;2026-07-01;23;184;144;2;40;0;0;15;Consuntivo
E0043;2026-07-01;23;138;132;0;6;0;0;22;Consuntivo
E0044;2026-07-01;23;184;184;0;0;0;0;0;Consuntivo
E0045;2026-07-01;23;184;124;8;40;4;16;10;Consuntivo
E0046;2026-07-01;23;184;158;12;24;2;0;0;Consuntivo
E0047;2026-07-01;23;147.20;115.20;12;32;0;0;18;Consuntivo
E0048;2026-07-01;23;184;176;12;0;0;8;0;Consuntivo
E0049;2026-07-01;23;184;142;2;24;2;16;0;Consuntivo
E0050;2026-07-01;23;110.40;100.80;4;9.60;0;0;0;Consuntivo
E0051;2026-07-01;23;184;164;0;16;4;0;0;Consuntivo
E0052;2026-07-01;23;184;176;0;8;0;0;0;Consuntivo
E0053;2026-07-01;23;184;180;0;0;4;0;0;Consuntivo
E0054;2026-07-01;23;147.20;140.80;0;6.40;0;0;22;Consuntivo
E0055;2026-07-01;23;184;167;0;16;1;0;8;Consuntivo
E0056;2026-07-01;23;184;184;0;0;0;0;11;Consuntivo
E0057;2026-07-01;23;184;136;0;40;0;8;0;Consuntivo
E0058;2026-07-01;23;184;167;0;16;1;0;0;Consuntivo
E0059;2026-07-01;23;110.40;105.60;6;4.80;0;0;22;Consuntivo
E0060;2026-07-01;23;184;160;2;24;0;0;0;Consuntivo
E0061;2026-07-01;23;184;142;8;24;2;16;0;Consuntivo
E0062;2026-07-01;23;184;160;2;8;0;16;5;Consuntivo
E0063;2026-07-01;23;184;183;2;0;1;0;0;Consuntivo
E0064;2026-07-01;23;138;134;0;0;4;0;0;Consuntivo
E0065;2026-07-01;23;184;184;0;0;0;0;0;Consuntivo
E0066;2026-07-01;23;92;72;0;20;0;0;3;Consuntivo
E0067;2026-07-01;23;184;136;8;40;0;8;0;Consuntivo
E0068;2026-07-01;23;92;88;0;4;0;0;16;Consuntivo
E0069;2026-07-01;23;184;156;1;24;4;0;19;Consuntivo
E0070;2026-07-01;23;184;182;6;0;2;0;11;Consuntivo
E0071;2026-07-01;23;184;144;6;40;0;0;2;Consuntivo
E0072;2026-07-01;23;138;126;0;0;0;12;0;Consuntivo
E0073;2026-07-01;23;184;167;2;16;1;0;0;Consuntivo
E0074;2026-07-01;23;184;176;8;0;0;8;22;Consuntivo
E0075;2026-07-01;23;184;183;2;0;1;0;22;Consuntivo
E0076;2026-07-01;23;138;138;0;0;0;0;14;Consuntivo
E0077;2026-07-01;23;184;160;8;16;0;8;0;Consuntivo
E0078;2026-07-01;23;184;144;0;24;0;16;14;Consuntivo
E0079;2026-07-01;23;184;176;0;8;0;0;0;Consuntivo
E0080;2026-07-01;23;184;184;12;0;0;0;0;Consuntivo
E0081;2026-07-01;23;184;152;6;16;0;16;6;Consuntivo
E0082;2026-07-01;23;184;135;1;40;1;8;0;Consuntivo
E0083;2026-07-01;23;184;167;8;0;1;16;0;Consuntivo
E0084;2026-07-01;23;184;184;0;0;0;0;0;Consuntivo
E0085;2026-07-01;23;184;160;1;16;0;8;0;Consuntivo
E0086;2026-07-01;23;184;183;1;0;1;0;1;Consuntivo
E0087;2026-07-01;23;184;160;0;24;0;0;20;Consuntivo
E0088;2026-07-01;23;184;183;6;0;1;0;0;Consuntivo
E0089;2026-07-01;23;184;167;1;16;1;0;20;Consuntivo
E0090;2026-07-01;23;110.40;91.20;12;9.60;0;9.60;0;Consuntivo
E0091;2026-07-01;23;147.20;134.40;8;12.80;0;0;0;Consuntivo
E0092;2026-07-01;23;184;164;0;16;4;0;0;Consuntivo
E0093;2026-07-01;23;110.40;110.40;0;0;0;0;0;Consuntivo
E0094;2026-07-01;23;184;124;0;40;4;16;0;Consuntivo
E0095;2026-07-01;23;184;182;0;0;2;0;22;Consuntivo
E0096;2026-07-01;23;184;156;6;16;4;8;19;Consuntivo
E0097;2026-07-01;23;184;159;0;16;1;8;14;Consuntivo
E0098;2026-07-01;23;184;156;0;8;4;16;19;Consuntivo
E0099;2026-07-01;23;184;142;0;40;2;0;0;Consuntivo
E0100;2026-07-01;23;184;174;0;8;2;0;1;Consuntivo
E0101;2026-07-01;23;184;164;1;16;4;0;2;Consuntivo
E0102;2026-07-01;23;184;166;0;16;2;0;20;Consuntivo
E0103;2026-07-01;23;184;174;2;8;2;0;21;Consuntivo
E0104;2026-07-01;23;184;184;4;0;0;0;1;Consuntivo
E0105;2026-07-01;23;184;144;6;24;0;16;0;Consuntivo
E0106;2026-07-01;23;184;167;0;0;1;16;10;Consuntivo
E0107;2026-07-01;23;138;120;0;6;0;12;0;Consuntivo
E0108;2026-07-01;23;184;152;4;24;0;8;0;Consuntivo
E0109;2026-07-01;23;184;184;0;0;0;0;0;Consuntivo
E0110;2026-07-01;23;184;160;2;24;0;0;17;Consuntivo
E0111;2026-07-01;23;184;167;0;16;1;0;7;Consuntivo
E0112;2026-07-01;23;165.60;165.60;0;0;0;0;23;Consuntivo
E0113;2026-07-01;23;138;134;0;0;4;0;8;Consuntivo
E0114;2026-07-01;23;184;158;0;24;2;0;1;Consuntivo
E0115;2026-07-01;23;110.40;106.40;0;0;4;0;0;Consuntivo
E0116;2026-07-01;23;184;184;4;0;0;0;23;Consuntivo
E0117;2026-07-01;23;165.60;164.60;0;0;1;0;11;Consuntivo
E0118;2026-07-01;23;110.40;91.20;0;14.40;0;4.80;0;Consuntivo
E0119;2026-07-01;23;184;182;0;0;2;0;0;Consuntivo
E0120;2026-07-01;23;184;175;8;0;1;8;0;Consuntivo
E0121;2026-07-01;23;184;184;0;0;0;0;23;Consuntivo
E0122;2026-07-01;23;147.20;147.20;0;0;0;0;17;Consuntivo
E0123;2026-07-01;23;184;159;1;24;1;0;19;Consuntivo
E0124;2026-07-01;23;184;160;1;16;0;8;0;Consuntivo
E0125;2026-07-01;23;184;152;6;16;0;16;10;Consuntivo
E0126;2026-07-01;23;147.20;140.80;6;6.40;0;0;0;Consuntivo
E0127;2026-07-01;23;184;140;4;24;4;16;17;Consuntivo
E0128;2026-07-01;23;184;168;0;16;0;0;1;Consuntivo
E0129;2026-07-01;23;184;144;0;40;0;0;10;Consuntivo
E0130;2026-07-01;23;92;76;2;8;0;8;8;Consuntivo
E0131;2026-07-01;23;184;183;8;0;1;0;0;Consuntivo
E0132;2026-07-01;23;184;164;1;16;4;0;18;Consuntivo
E0133;2026-07-01;23;184;144;0;40;0;0;0;Consuntivo
E0134;2026-07-01;23;138;96;0;30;0;12;13;Consuntivo
E0135;2026-07-01;23;147.20;115.20;0;32;0;0;1;Consuntivo
E0136;2026-07-01;23;184;176;0;0;0;8;22;Consuntivo
E0137;2026-07-01;23;184;182;0;0;2;0;22;Consuntivo
E0138;2026-07-01;23;184;158;0;24;2;0;0;Consuntivo
E0139;2026-07-01;23;184;180;8;0;4;0;0;Consuntivo
E0140;2026-07-01;23;138;116;4;18;4;0;19;Consuntivo
E0141;2026-07-01;23;184;142;2;40;2;0;0;Consuntivo
E0142;2026-07-01;23;184;184;0;0;0;0;0;Consuntivo
E0143;2026-07-01;23;110.40;99.80;0;4.80;1;4.80;15;Consuntivo
E0144;2026-07-01;23;184;182;8;0;2;0;6;Consuntivo
E0145;2026-07-01;23;184;184;6;0;0;0;13;Consuntivo
E0146;2026-07-01;23;92;82;8;4;2;4;0;Consuntivo
E0147;2026-07-01;23;184;175;0;8;1;0;17;Consuntivo
E0148;2026-07-01;23;184;168;2;16;0;0;0;Consuntivo
E0149;2026-07-01;23;184;174;0;8;2;0;18;Consuntivo
E0150;2026-07-01;23;184;144;0;40;0;0;0;Consuntivo
E0151;2026-07-01;23;184;176;4;0;0;8;0;Consuntivo
E0152;2026-07-01;23;92;91;0;0;1;0;0;Consuntivo
E0153;2026-07-01;23;184;175;2;8;1;0;21;Consuntivo
E0154;2026-07-01;23;165.60;151.20;0;14.40;0;0;0;Consuntivo
E0155;2026-07-01;23;184;164;0;16;4;0;9;Consuntivo
E0156;2026-07-01;23;184;164;2;0;4;16;0;Consuntivo
E0157;2026-07-01;23;184;176;1;8;0;0;18;Consuntivo
E0158;2026-07-01;23;184;172;0;8;4;0;0;Consuntivo
E0159;2026-07-01;23;184;175;1;0;1;8;21;Consuntivo
E0160;2026-07-01;23;184;160;4;16;0;8;0;Consuntivo
E0161;2026-07-01;23;184;176;4;8;0;0;5;Consuntivo
E0162;2026-07-01;23;184;148;12;16;4;16;2;Consuntivo
E0163;2026-07-01;23;184;168;0;8;0;8;0;Consuntivo
E0164;2026-07-01;23;184;168;4;16;0;0;9;Consuntivo
E0165;2026-07-01;23;184;182;2;0;2;0;0;Consuntivo
E0166;2026-07-01;23;184;124;2;40;4;16;0;Consuntivo
E0167;2026-07-01;23;184;164;2;0;4;16;0;Consuntivo
E0168;2026-07-01;23;184;160;0;24;0;0;20;Consuntivo
E0169;2026-07-01;23;110.40;106.40;0;0;4;0;0;Consuntivo
E0170;2026-07-01;23;184;144;0;40;0;0;0;Consuntivo
E0171;2026-07-01;23;92;71;6;20;1;0;0;Consuntivo
E0172;2026-07-01;23;184;175;4;0;1;8;0;Consuntivo
E0173;2026-07-01;23;184;140;8;40;4;0;13;Consuntivo
E0174;2026-07-01;23;110.40;87.20;2;9.60;4;9.60;0;Consuntivo
E0175;2026-07-01;23;184;183;4;0;1;0;0;Consuntivo
E0176;2026-07-01;23;184;160;0;24;0;0;0;Consuntivo
E0177;2026-07-01;23;92;91;0;0;1;0;20;Consuntivo
E0178;2026-07-01;23;138;136;6;0;2;0;22;Consuntivo
E0179;2026-07-01;23;184;184;0;0;0;0;0;Consuntivo
E0180;2026-07-01;23;138;138;1;0;0;0;23;Consuntivo
E0181;2026-07-01;23;184;167;1;0;1;16;0;Consuntivo
E0182;2026-07-01;6;48;38;1;8;2;0;4;Consuntivo
E0183;2026-07-01;23;184;183;2;0;1;0;19;Consuntivo
E0184;2026-07-01;8;64;47;0;0;1;16;0;Consuntivo
E0186;2026-07-01;23;184;168;4;0;0;16;0;Consuntivo
E0187;2026-07-01;23;184;156;1;16;4;8;0;Consuntivo
E0189;2026-07-01;23;184;159;0;8;1;16;10;Consuntivo
E0192;2026-07-01;6;38.40;34.40;8;0;4;0;0;Consuntivo
E0193;2026-07-01;23;184;167;1;0;1;16;0;Consuntivo
E0194;2026-07-01;22;176;159;4;16;1;0;10;Consuntivo
E0197;2026-07-01;23;184;176;0;8;0;0;0;Consuntivo
E0200;2026-07-01;23;184;140;0;40;4;0;15;Consuntivo
E0201;2026-07-01;23;184;160;0;16;0;8;20;Consuntivo
E0202;2026-07-01;23;184;156;2;24;4;0;0;Consuntivo
E0203;2026-07-01;23;184;152;1;16;0;16;0;Consuntivo
E0204;2026-07-01;23;184;160;0;24;0;0;0;Consuntivo
E0205;2026-07-01;23;184;184;2;0;0;0;14;Consuntivo
E0206;2026-07-01;23;184;152;12;24;0;8;4;Consuntivo
E0207;2026-07-01;23;184;156;6;16;4;8;0;Consuntivo
E0208;2026-07-01;23;184;174;2;8;2;0;9;Consuntivo
E0209;2026-07-01;23;184;151;8;16;1;16;0;Consuntivo
E0210;2026-07-01;23;184;160;0;24;0;0;6;Consuntivo
E0211;2026-07-01;23;184;182;4;0;2;0;0;Consuntivo
E0212;2026-07-01;23;184;176;8;0;0;8;22;Consuntivo
E0213;2026-07-01;23;184;176;4;8;0;0;0;Consuntivo
E0214;2026-07-01;23;138;138;0;0;0;0;0;Consuntivo
E0215;2026-07-01;23;184;176;4;8;0;0;0;Consuntivo
E0216;2026-07-01;23;184;144;2;40;0;0;0;Consuntivo
E0217;2026-07-01;23;184;144;0;24;0;16;0;Consuntivo
E0218;2026-07-01;23;184;160;6;24;0;0;20;Consuntivo
E0219;2026-07-01;23;147.20;106.80;6;32;2;6.40;0;Consuntivo
E0220;2026-07-01;23;184;167;0;8;1;8;0;Consuntivo
E0222;2026-07-01;14;112;88;6;24;0;0;8;Consuntivo
E0223;2026-07-01;23;184;151;4;24;1;8;0;Consuntivo
E0225;2026-07-01;10;80;36;0;40;4;0;0;Consuntivo
E0226;2026-07-01;6;48;28;0;16;4;0;3;Consuntivo
E0227;2026-07-01;23;184;166;1;16;2;0;0;Consuntivo
E0229;2026-07-01;23;184;182;4;0;2;0;0;Consuntivo
E0230;2026-07-01;6;48;22;0;24;2;0;2;Consuntivo
E0231;2026-07-01;23;110.40;106.40;0;0;4;0;0;Consuntivo
E0233;2026-07-01;12;96;96;0;0;0;0;12;Consuntivo
E0234;2026-07-01;23;184;168;0;16;0;0;0;Consuntivo
E0235;2026-07-01;23;184;183;2;0;1;0;22;Consuntivo
E0236;2026-07-01;2;16;8;2;0;0;8;1;Consuntivo
E0237;2026-07-01;23;184;156;1;24;4;0;0;Consuntivo
E0238;2026-07-01;5;40;0;0;40;0;0;0;Consuntivo
E0239;2026-07-01;23;138;120;1;6;0;12;0;Consuntivo
E0240;2026-07-01;23;184;176;0;8;0;0;0;Consuntivo
E0242;2026-07-01;23;184;164;2;16;4;0;1;Consuntivo
E0246;2026-07-01;23;184;174;8;8;2;0;0;Consuntivo
E0247;2026-07-01;22;88;88;4;0;0;0;16;Consuntivo
E0248;2026-07-01;23;184;176;6;8;0;0;0;Consuntivo
E0252;2026-07-01;23;184;172;0;8;4;0;21;Consuntivo
E0253;2026-07-01;23;138;114;8;18;0;6;9;Consuntivo
E0254;2026-07-01;23;184;136;2;40;0;8;11;Consuntivo
E0257;2026-07-01;23;184;142;0;40;2;0;10;Consuntivo
E0260;2026-07-01;23;184;176;8;0;0;8;0;Consuntivo
E0001;2026-08-01;21;134.40;79.20;0;51.20;4;0;2;Consuntivo
E0002;2026-08-01;21;168;112;2;56;0;0;0;Consuntivo
E0003;2026-08-01;21;168;104;12;64;0;0;0;Consuntivo
E0004;2026-08-01;21;84;52;4;28;4;0;0;Consuntivo
E0005;2026-08-01;21;168;88;0;80;0;0;0;Consuntivo
E0006;2026-08-01;21;134.40;87.60;4;44.80;2;0;13;Consuntivo
E0007;2026-08-01;21;168;124;0;40;4;0;2;Consuntivo
E0008;2026-08-01;21;168;88;0;80;0;0;0;Consuntivo
E0009;2026-08-01;21;168;120;1;40;0;8;0;Consuntivo
E0010;2026-08-01;21;168;124;1;40;4;0;13;Consuntivo
E0011;2026-08-01;21;168;104;2;64;0;0;0;Consuntivo
E0012;2026-08-01;21;168;128;4;40;0;0;0;Consuntivo
E0013;2026-08-01;21;168;96;4;64;0;8;0;Consuntivo
E0014;2026-08-01;21;126;108;4;18;0;0;9;Consuntivo
E0015;2026-08-01;21;168;111;4;40;1;16;13;Consuntivo
E0016;2026-08-01;21;168;84;1;80;4;0;10;Consuntivo
E0017;2026-08-01;21;168;128;4;40;0;0;0;Consuntivo
E0018;2026-08-01;21;168;128;0;40;0;0;11;Consuntivo
E0019;2026-08-01;21;168;111;0;40;1;16;0;Consuntivo
E0020;2026-08-01;21;168;88;0;80;0;0;11;Consuntivo
E0021;2026-08-01;21;134.40;66.40;0;51.20;4;12.80;0;Consuntivo
E0022;2026-08-01;21;134.40;72.80;6;44.80;4;12.80;0;Consuntivo
E0023;2026-08-01;21;168;88;12;64;0;16;0;Consuntivo
E0024;2026-08-01;21;168;144;4;24;0;0;0;Consuntivo
E0025;2026-08-01;21;151.20;79.20;0;72;0;0;3;Consuntivo
E0026;2026-08-01;21;168;112;0;56;0;0;0;Consuntivo
E0027;2026-08-01;21;168;126;1;24;2;16;0;Consuntivo
E0028;2026-08-01;21;168;104;0;64;0;0;11;Consuntivo
E0029;2026-08-01;21;168;112;0;56;0;0;3;Consuntivo
E0030;2026-08-01;21;168;112;2;56;0;0;0;Consuntivo
E0031;2026-08-01;21;168;88;0;80;0;0;0;Consuntivo
E0032;2026-08-01;21;168;128;4;24;0;16;0;Consuntivo
E0033;2026-08-01;21;168;104;12;56;0;8;0;Consuntivo
E0034;2026-08-01;21;168;120;0;40;0;8;15;Consuntivo
E0035;2026-08-01;21;168;118;0;40;2;8;14;Consuntivo
E0036;2026-08-01;21;168;104;8;64;0;0;0;Consuntivo
E0037;2026-08-01;21;168;112;6;56;0;0;2;Consuntivo
E0038;2026-08-01;21;134.40;79.20;0;44.80;4;6.40;8;Consuntivo
E0039;2026-08-01;21;168;112;0;56;0;0;0;Consuntivo
E0040;2026-08-01;21;168;104;6;64;0;0;0;Consuntivo
E0041;2026-08-01;21;168;72;4;80;0;16;9;Consuntivo
E0042;2026-08-01;21;168;128;0;40;0;0;3;Consuntivo
E0043;2026-08-01;21;126;78;0;48;0;0;13;Consuntivo
E0044;2026-08-01;21;168;128;8;40;0;0;0;Consuntivo
E0045;2026-08-01;21;168;110;6;56;2;0;6;Consuntivo
E0046;2026-08-01;21;168;108;8;56;4;0;0;Consuntivo
E0047;2026-08-01;21;134.40;102.40;8;19.20;0;12.80;16;Consuntivo
E0048;2026-08-01;21;168;86;12;64;2;16;0;Consuntivo
E0049;2026-08-01;21;168;126;0;40;2;0;0;Consuntivo
E0050;2026-08-01;21;100.80;53.60;2;38.40;4;4.80;0;Consuntivo
E0051;2026-08-01;21;168;124;0;40;4;0;0;Consuntivo
E0052;2026-08-01;21;168;95;6;64;1;8;0;Consuntivo
E0053;2026-08-01;21;168;140;4;24;4;0;0;Consuntivo
E0054;2026-08-01;21;134.40;115.20;2;19.20;0;0;18;Consuntivo
E0055;2026-08-01;21;168;112;0;56;0;0;2;Consuntivo
E0056;2026-08-01;21;168;88;1;80;0;0;3;Consuntivo
E0057;2026-08-01;21;168;68;2;80;4;16;0;Consuntivo
E0058;2026-08-01;21;168;80;12;80;0;8;0;Consuntivo
E0059;2026-08-01;21;100.80;76.80;12;24;0;0;16;Consuntivo
E0060;2026-08-01;21;168;112;4;56;0;0;0;Consuntivo
E0061;2026-08-01;21;168;88;0;64;0;16;0;Consuntivo
E0062;2026-08-01;21;168;116;2;40;4;8;0;Consuntivo
E0063;2026-08-01;21;168;102;0;56;2;8;0;Consuntivo
E0064;2026-08-01;21;126;58;0;60;2;6;0;Consuntivo
E0065;2026-08-01;21;168;112;0;56;0;0;0;Consuntivo
E0066;2026-08-01;21;84;42;4;40;2;0;0;Consuntivo
E0067;2026-08-01;21;168;84;0;80;4;0;0;Consuntivo
E0068;2026-08-01;21;84;64;2;20;0;0;1;Consuntivo
E0069;2026-08-01;21;168;92;0;56;4;16;11;Consuntivo
E0070;2026-08-01;21;168;112;4;40;0;16;10;Consuntivo
E0071;2026-08-01;21;168;84;8;80;4;0;10;Consuntivo
E0072;2026-08-01;21;126;83;4;30;1;12;0;Consuntivo
E0073;2026-08-01;21;168;84;0;80;4;0;0;Consuntivo
E0074;2026-08-01;21;168;142;6;24;2;0;17;Consuntivo
E0075;2026-08-01;21;168;135;0;24;1;8;16;Consuntivo
E0076;2026-08-01;21;126;95;2;30;1;0;5;Consuntivo
E0077;2026-08-01;21;168;144;4;24;0;0;0;Consuntivo
E0078;2026-08-01;21;168;88;0;80;0;0;6;Consuntivo
E0079;2026-08-01;21;168;108;2;40;4;16;0;Consuntivo
E0080;2026-08-01;21;168;128;2;40;0;0;0;Consuntivo
E0081;2026-08-01;21;168;108;8;56;4;0;11;Consuntivo
E0082;2026-08-01;21;168;68;0;80;4;16;0;Consuntivo
E0083;2026-08-01;21;168;140;4;24;4;0;0;Consuntivo
E0084;2026-08-01;21;168;127;0;24;1;16;0;Consuntivo
E0085;2026-08-01;21;168;84;0;64;4;16;0;Consuntivo
E0086;2026-08-01;21;168;132;0;24;4;8;2;Consuntivo
E0087;2026-08-01;21;168;88;0;64;0;16;11;Consuntivo
E0088;2026-08-01;21;168;88;6;64;0;16;0;Consuntivo
E0089;2026-08-01;21;168;118;2;40;2;8;14;Consuntivo
E0090;2026-08-01;21;100.80;66.20;0;33.60;1;0;0;Consuntivo
E0091;2026-08-01;21;134.40;75.80;6;44.80;1;12.80;0;Consuntivo
E0092;2026-08-01;21;168;88;0;80;0;0;0;Consuntivo
E0093;2026-08-01;21;100.80;44;0;48;4;4.80;0;Consuntivo
E0094;2026-08-01;21;168;96;1;64;0;8;0;Consuntivo
E0095;2026-08-01;21;168;108;0;56;4;0;13;Consuntivo
E0096;2026-08-01;21;168;144;6;24;0;0;18;Consuntivo
E0097;2026-08-01;21;168;87;0;80;1;0;3;Consuntivo
E0098;2026-08-01;21;168;119;2;40;1;8;14;Consuntivo
E0099;2026-08-01;21;168;128;0;40;0;0;0;Consuntivo
E0100;2026-08-01;21;168;84;0;80;4;0;4;Consuntivo
E0101;2026-08-01;21;168;104;2;64;0;0;5;Consuntivo
E0102;2026-08-01;21;168;84;12;80;4;0;10;Consuntivo
E0103;2026-08-01;21;168;111;0;56;1;0;10;Consuntivo
E0104;2026-08-01;21;168;71;12;80;1;16;2;Consuntivo
E0105;2026-08-01;21;168;144;0;24;0;0;0;Consuntivo
E0106;2026-08-01;21;168;86;0;80;2;0;1;Consuntivo
E0107;2026-08-01;21;126;96;0;30;0;0;0;Consuntivo
E0108;2026-08-01;21;168;112;0;56;0;0;0;Consuntivo
E0109;2026-08-01;21;168;143;2;24;1;0;0;Consuntivo
E0110;2026-08-01;21;168;128;0;40;0;0;6;Consuntivo
E0111;2026-08-01;21;168;87;0;80;1;0;6;Consuntivo
E0112;2026-08-01;21;151.20;125.60;0;21.60;4;0;17;Consuntivo
E0113;2026-08-01;21;126;74;0;48;4;0;7;Consuntivo
E0114;2026-08-01;21;168;100;0;56;4;8;2;Consuntivo
E0115;2026-08-01;21;100.80;53.60;4;38.40;4;4.80;0;Consuntivo
E0116;2026-08-01;21;168;96;4;64;0;8;12;Consuntivo
E0117;2026-08-01;21;151.20;64.80;4;72;0;14.40;8;Consuntivo
E0118;2026-08-01;21;100.80;62.40;8;38.40;0;0;0;Consuntivo
E0119;2026-08-01;21;168;104;4;64;0;0;0;Consuntivo
E0120;2026-08-01;21;168;72;8;80;0;16;0;Consuntivo
E0121;2026-08-01;21;168;126;4;40;2;0;2;Consuntivo
E0122;2026-08-01;21;134.40;82.20;4;51.20;1;0;7;Consuntivo
E0123;2026-08-01;21;168;104;0;56;0;8;13;Consuntivo
E0124;2026-08-01;21;168;104;8;64;0;0;0;Consuntivo
E0125;2026-08-01;21;168;144;4;24;0;0;0;Consuntivo
E0126;2026-08-01;21;134.40;111.20;0;19.20;4;0;0;Consuntivo
E0127;2026-08-01;21;168;103;2;64;1;0;12;Consuntivo
E0128;2026-08-01;21;168;128;0;24;0;16;14;Consuntivo
E0129;2026-08-01;21;168;102;0;64;2;0;0;Consuntivo
E0130;2026-08-01;21;84;62;0;12;2;8;7;Consuntivo
E0131;2026-08-01;21;168;104;0;64;0;0;0;Consuntivo
E0132;2026-08-01;21;168;95;4;64;1;8;2;Consuntivo
E0133;2026-08-01;21;168;100;4;64;4;0;0;Consuntivo
E0134;2026-08-01;21;126;90;0;30;0;6;11;Consuntivo
E0135;2026-08-01;21;134.40;114.20;0;19.20;1;0;11;Consuntivo
E0136;2026-08-01;21;168;111;0;40;1;16;11;Consuntivo
E0137;2026-08-01;21;168;112;6;56;0;0;14;Consuntivo
E0138;2026-08-01;21;168;84;0;80;4;0;0;Consuntivo
E0139;2026-08-01;21;168;143;12;24;1;0;0;Consuntivo
E0140;2026-08-01;21;126;96;2;18;0;12;16;Consuntivo
E0141;2026-08-01;21;168;110;0;56;2;0;0;Consuntivo
E0142;2026-08-01;21;168;120;0;40;0;8;0;Consuntivo
E0143;2026-08-01;21;100.80;63.20;0;33.60;4;0;8;Consuntivo
E0144;2026-08-01;21;168;86;0;64;2;16;6;Consuntivo
E0145;2026-08-01;21;168;128;4;40;0;0;6;Consuntivo
E0146;2026-08-01;21;84;42;1;32;2;8;0;Consuntivo
E0147;2026-08-01;21;168;103;12;64;1;0;11;Consuntivo
E0148;2026-08-01;21;168;79;0;80;1;8;0;Consuntivo
E0149;2026-08-01;21;168;128;0;40;0;0;9;Consuntivo
E0150;2026-08-01;21;168;140;4;24;4;0;0;Consuntivo
E0151;2026-08-01;21;168;104;0;56;0;8;0;Consuntivo
E0152;2026-08-01;21;84;60;1;20;0;4;0;Consuntivo
E0153;2026-08-01;21;168;128;6;24;0;16;16;Consuntivo
E0154;2026-08-01;21;151.20;129.60;0;21.60;0;0;0;Consuntivo
E0155;2026-08-01;21;168;86;0;80;2;0;6;Consuntivo
E0156;2026-08-01;21;168;144;0;24;0;0;0;Consuntivo
E0157;2026-08-01;21;168;144;0;24;0;0;16;Consuntivo
E0158;2026-08-01;21;168;95;0;56;1;16;0;Consuntivo
E0159;2026-08-01;21;168;127;4;40;1;0;15;Consuntivo
E0160;2026-08-01;21;168;112;0;56;0;0;0;Consuntivo
E0161;2026-08-01;21;168;112;0;40;0;16;3;Consuntivo
E0162;2026-08-01;21;168;140;1;24;4;0;3;Consuntivo
E0163;2026-08-01;21;168;126;2;40;2;0;0;Consuntivo
E0164;2026-08-01;21;168;112;1;40;0;16;11;Consuntivo
E0165;2026-08-01;21;168;87;0;80;1;0;0;Consuntivo
E0166;2026-08-01;21;168;102;4;56;2;8;0;Consuntivo
E0167;2026-08-01;21;168;144;4;24;0;0;0;Consuntivo
E0168;2026-08-01;21;168;111;0;56;1;0;13;Consuntivo
E0169;2026-08-01;21;100.80;62.40;6;33.60;0;4.80;0;Consuntivo
E0170;2026-08-01;21;168;116;0;40;4;8;0;Consuntivo
E0171;2026-08-01;21;84;48;0;32;0;4;0;Consuntivo
E0172;2026-08-01;21;168;112;0;56;0;0;0;Consuntivo
E0173;2026-08-01;21;168;119;0;40;1;8;2;Consuntivo
E0174;2026-08-01;21;100.80;62.40;0;38.40;0;0;0;Consuntivo
E0175;2026-08-01;21;168;124;0;40;4;0;0;Consuntivo
E0176;2026-08-01;21;168;108;2;56;4;0;0;Consuntivo
E0177;2026-08-01;21;84;71;0;12;1;0;5;Consuntivo
E0178;2026-08-01;21;126;74;2;48;4;0;12;Consuntivo
E0179;2026-08-01;21;168;104;6;64;0;0;0;Consuntivo
E0180;2026-08-01;21;126;58;1;60;2;6;9;Consuntivo
E0181;2026-08-01;21;168;108;6;40;4;16;0;Consuntivo
E0183;2026-08-01;7;56;14;0;40;2;0;1;Consuntivo
E0187;2026-08-01;21;168;118;12;40;2;8;9;Consuntivo
E0189;2026-08-01;15;120;24;2;80;0;16;2;Consuntivo
E0193;2026-08-01;5;40;16;2;24;0;0;0;Consuntivo
E0197;2026-08-01;15;120;60;2;40;4;16;0;Consuntivo
E0200;2026-08-01;21;168;104;0;64;0;0;12;Consuntivo
E0201;2026-08-01;20;160;72;4;80;0;8;9;Consuntivo
E0202;2026-08-01;21;168;108;2;56;4;0;0;Consuntivo
E0203;2026-08-01;21;168;110;4;56;2;0;0;Consuntivo
E0204;2026-08-01;21;168;86;1;80;2;0;0;Consuntivo
E0205;2026-08-01;21;168;143;8;24;1;0;2;Consuntivo
E0206;2026-08-01;21;168;112;6;56;0;0;3;Consuntivo
E0207;2026-08-01;21;168;104;1;64;0;0;0;Consuntivo
E0208;2026-08-01;21;168;88;0;80;0;0;2;Consuntivo
E0209;2026-08-01;21;168;140;8;24;4;0;0;Consuntivo
E0210;2026-08-01;21;168;100;2;56;4;8;8;Consuntivo
E0211;2026-08-01;21;168;128;2;40;0;0;16;Consuntivo
E0212;2026-08-01;21;168;108;0;56;4;0;13;Consuntivo
E0213;2026-08-01;21;168;144;0;24;0;0;0;Consuntivo
E0214;2026-08-01;21;126;84;0;42;0;0;0;Consuntivo
E0215;2026-08-01;21;168;104;0;64;0;0;0;Consuntivo
E0216;2026-08-01;21;168;88;2;80;0;0;0;Consuntivo
E0217;2026-08-01;21;168;126;0;40;2;0;0;Consuntivo
E0218;2026-08-01;21;168;87;12;80;1;0;10;Consuntivo
E0219;2026-08-01;21;134.40;89.60;0;44.80;0;0;0;Consuntivo
E0220;2026-08-01;21;168;96;2;64;0;8;0;Consuntivo
E0222;2026-08-01;21;168;88;12;64;0;16;4;Consuntivo
E0223;2026-08-01;21;168;78;4;80;2;8;0;Consuntivo
E0224;2026-08-01;2;12.80;0;0;12.80;0;0;0;Consuntivo
E0225;2026-08-01;21;168;108;8;56;4;0;10;Consuntivo
E0226;2026-08-01;21;168;88;0;64;0;16;11;Consuntivo
E0227;2026-08-01;21;168;100;0;64;4;0;0;Consuntivo
E0229;2026-08-01;21;168;88;0;80;0;0;0;Consuntivo
E0230;2026-08-01;21;168;124;2;40;4;0;15;Consuntivo
E0231;2026-08-01;21;100.80;66.20;8;24;1;9.60;0;Consuntivo
E0233;2026-08-01;21;168;116;4;40;4;8;14;Consuntivo
E0234;2026-08-01;21;168;112;0;56;0;0;0;Consuntivo
E0235;2026-08-01;21;168;112;0;56;0;0;14;Consuntivo
E0236;2026-08-01;21;168;88;0;80;0;0;11;Consuntivo
E0237;2026-08-01;21;168;112;0;56;0;0;0;Consuntivo
E0238;2026-08-01;21;168;72;0;80;0;16;0;Consuntivo
E0239;2026-08-01;21;126;71;4;42;1;12;0;Consuntivo
E0240;2026-08-01;21;168;80;2;80;0;8;0;Consuntivo
E0242;2026-08-01;21;168;88;0;80;0;0;7;Consuntivo
E0244;2026-08-01;20;144;91.60;0;50.40;2;0;0;Consuntivo
E0246;2026-08-01;21;168;112;4;56;0;0;0;Consuntivo
E0247;2026-08-01;21;84;64;4;20;0;0;16;Consuntivo
E0248;2026-08-01;21;168;108;6;56;4;0;0;Consuntivo
E0251;2026-08-01;10;80;7;2;64;1;8;0;Consuntivo
E0252;2026-08-01;21;168;87;4;80;1;0;10;Consuntivo
E0253;2026-08-01;21;126;84;2;42;0;0;12;Consuntivo
E0254;2026-08-01;21;168;76;0;80;4;8;2;Consuntivo
E0257;2026-08-01;21;168;88;0;80;0;0;11;Consuntivo
E0258;2026-08-01;12;96;16;0;80;0;0;1;Consuntivo
E0259;2026-08-01;16;128;104;0;24;0;0;3;Consuntivo
E0260;2026-08-01;21;168;144;2;24;0;0;0;Consuntivo
E0001;2026-09-01;22;140.80;140.80;0;0;0;0;5;Consuntivo
E0002;2026-09-01;22;176;160;2;16;0;0;0;Consuntivo
E0003;2026-09-01;22;176;172;12;0;4;0;0;Consuntivo
E0004;2026-09-01;22;88;82;2;0;2;4;0;Consuntivo
E0005;2026-09-01;22;176;136;0;40;0;0;0;Consuntivo
E0006;2026-09-01;22;140.80;128;0;12.80;0;0;5;Consuntivo
E0007;2026-09-01;22;176;152;1;24;0;0;17;Consuntivo
E0008;2026-09-01;22;176;168;4;8;0;0;0;Consuntivo
E0009;2026-09-01;22;176;176;1;0;0;0;0;Consuntivo
E0010;2026-09-01;22;176;148;0;24;4;0;17;Consuntivo
E0011;2026-09-01;22;176;158;0;16;2;0;0;Consuntivo
E0012;2026-09-01;22;176;168;1;0;0;8;0;Consuntivo
E0013;2026-09-01;22;176;152;2;24;0;0;0;Consuntivo
E0014;2026-09-01;22;132;126;0;0;0;6;2;Consuntivo
E0015;2026-09-01;22;176;166;0;0;2;8;20;Consuntivo
E0016;2026-09-01;22;176;136;2;40;0;0;17;Consuntivo
E0017;2026-09-01;22;176;160;0;16;0;0;0;Consuntivo
E0018;2026-09-01;22;176;160;2;16;0;0;11;Consuntivo
E0019;2026-09-01;22;176;148;6;8;4;16;0;Consuntivo
E0020;2026-09-01;22;176;176;1;0;0;0;22;Consuntivo
E0021;2026-09-01;22;140.80;140.80;4;0;0;0;14;Consuntivo
E0022;2026-09-01;22;140.80;108.80;0;19.20;0;12.80;0;Consuntivo
E0023;2026-09-01;22;176;135;6;40;1;0;0;Consuntivo
E0024;2026-09-01;22;176;158;4;16;2;0;0;Consuntivo
E0025;2026-09-01;22;158.40;158.40;0;0;0;0;16;Consuntivo
E0026;2026-09-01;22;176;136;0;40;0;0;0;Consuntivo
E0027;2026-09-01;22;176;152;2;8;0;16;0;Consuntivo
E0028;2026-09-01;22;176;166;0;0;2;8;16;Consuntivo
E0029;2026-09-01;22;176;172;4;0;4;0;6;Consuntivo
E0030;2026-09-01;22;176;166;0;0;2;8;0;Consuntivo
E0031;2026-09-01;22;176;160;4;16;0;0;0;Consuntivo
E0032;2026-09-01;22;176;176;0;0;0;0;0;Consuntivo
E0033;2026-09-01;22;176;174;6;0;2;0;0;Consuntivo
E0034;2026-09-01;22;176;135;0;40;1;0;16;Consuntivo
E0035;2026-09-01;22;176;158;4;16;2;0;19;Consuntivo
E0036;2026-09-01;22;176;167;0;8;1;0;0;Consuntivo
E0037;2026-09-01;22;176;159;8;16;1;0;18;Consuntivo
E0038;2026-09-01;22;140.80;140.80;0;0;0;0;14;Consuntivo
E0039;2026-09-01;22;176;172;0;0;4;0;0;Consuntivo
E0040;2026-09-01;22;176;150;0;24;2;0;0;Consuntivo
E0041;2026-09-01;22;176;158;1;0;2;16;19;Consuntivo
E0042;2026-09-01;22;176;164;6;0;4;8;17;Consuntivo
E0043;2026-09-01;22;132;128;8;0;4;0;21;Consuntivo
E0044;2026-09-01;22;176;168;4;8;0;0;0;Consuntivo
E0045;2026-09-01;22;176;134;0;40;2;0;3;Consuntivo
E0046;2026-09-01;22;176;148;0;24;4;0;0;Consuntivo
E0047;2026-09-01;22;140.80;134.40;0;0;0;6.40;21;Consuntivo
E0048;2026-09-01;22;176;136;1;24;0;16;0;Consuntivo
E0049;2026-09-01;22;176;148;1;16;4;8;0;Consuntivo
E0050;2026-09-01;22;105.60;89.20;0;14.40;2;0;0;Consuntivo
E0051;2026-09-01;22;176;158;0;16;2;0;0;Consuntivo
E0052;2026-09-01;22;176;150;2;24;2;0;0;Consuntivo
E0053;2026-09-01;22;176;168;0;8;0;0;0;Consuntivo
E0054;2026-09-01;22;140.80;96;4;32;0;12.80;15;Consuntivo
E0055;2026-09-01;22;176;168;0;0;0;8;17;Consuntivo
E0056;2026-09-01;22;176;136;0;40;0;0;15;Consuntivo
E0057;2026-09-01;22;176;160;0;16;0;0;0;Consuntivo
E0058;2026-09-01;22;176;152;0;24;0;0;0;Consuntivo
E0059;2026-09-01;22;105.60;96;0;9.60;0;0;20;Consuntivo
E0060;2026-09-01;22;176;172;2;0;4;0;0;Consuntivo
E0061;2026-09-01;22;176;176;0;0;0;0;0;Consuntivo
E0062;2026-09-01;22;176;148;1;16;4;8;7;Consuntivo
E0063;2026-09-01;22;176;152;0;16;0;8;0;Consuntivo
E0064;2026-09-01;22;132;98;0;18;4;12;0;Consuntivo
E0065;2026-09-01;22;176;174;0;0;2;0;0;Consuntivo
E0066;2026-09-01;22;88;84;0;4;0;0;5;Consuntivo
E0067;2026-09-01;22;176;152;1;24;0;0;0;Consuntivo
E0068;2026-09-01;22;88;79;2;4;1;4;5;Consuntivo
E0069;2026-09-01;22;176;152;0;8;0;16;19;Consuntivo
E0070;2026-09-01;22;176;174;12;0;2;0;9;Consuntivo
E0071;2026-09-01;22;176;152;4;24;0;0;0;Consuntivo
E0072;2026-09-01;22;132;132;8;0;0;0;0;Consuntivo
E0073;2026-09-01;22;176;143;2;24;1;8;0;Consuntivo
E0074;2026-09-01;22;176;156;1;0;4;16;19;Consuntivo
E0075;2026-09-01;22;176;136;8;24;0;16;17;Consuntivo
E0076;2026-09-01;22;132;130;0;0;2;0;8;Consuntivo
E0077;2026-09-01;22;176;176;0;0;0;0;0;Consuntivo
E0078;2026-09-01;22;176;128;6;40;0;8;0;Consuntivo
E0079;2026-09-01;22;176;151;0;24;1;0;0;Consuntivo
E0080;2026-09-01;22;176;176;4;0;0;0;22;Consuntivo
E0081;2026-09-01;22;176;134;12;40;2;0;16;Consuntivo
E0082;2026-09-01;22;176;175;4;0;1;0;0;Consuntivo
E0083;2026-09-01;22;176;164;0;8;4;0;0;Consuntivo
E0084;2026-09-01;22;176;160;0;16;0;0;0;Consuntivo
E0085;2026-09-01;22;176;152;0;24;0;0;0;Consuntivo
E0086;2026-09-01;22;176;175;0;0;1;0;9;Consuntivo
E0087;2026-09-01;22;176;175;4;0;1;0;21;Consuntivo
E0088;2026-09-01;22;176;168;6;8;0;0;0;Consuntivo
E0089;2026-09-01;22;176;172;2;0;4;0;21;Consuntivo
E0090;2026-09-01;22;105.60;81.60;0;24;0;0;0;Consuntivo
E0091;2026-09-01;22;140.80;134.40;0;0;0;6.40;0;Consuntivo
E0092;2026-09-01;22;176;152;2;16;0;8;0;Consuntivo
E0093;2026-09-01;22;105.60;82.40;2;9.60;4;9.60;0;Consuntivo
E0094;2026-09-01;22;176;142;0;16;2;16;0;Consuntivo
E0095;2026-09-01;22;176;151;2;8;1;16;18;Consuntivo
E0096;2026-09-01;22;176;168;12;0;0;8;21;Consuntivo
E0097;2026-09-01;22;176;158;2;16;2;0;16;Consuntivo
E0098;2026-09-01;22;176;134;2;40;2;0;16;Consuntivo
E0099;2026-09-01;22;176;168;0;8;0;0;0;Consuntivo
E0100;2026-09-01;22;176;135;6;40;1;0;10;Consuntivo
E0101;2026-09-01;22;176;152;2;24;0;0;2;Consuntivo
E0102;2026-09-01;22;176;132;2;40;4;0;16;Consuntivo
E0103;2026-09-01;22;176;176;0;0;0;0;12;Consuntivo
E0104;2026-09-01;22;176;176;0;0;0;0;0;Consuntivo
E0105;2026-09-01;22;176;174;0;0;2;0;0;Consuntivo
E0106;2026-09-01;22;176;150;1;24;2;0;15;Consuntivo
E0107;2026-09-01;22;132;122;6;6;4;0;0;Consuntivo
E0108;2026-09-01;22;176;176;8;0;0;0;0;Consuntivo
E0109;2026-09-01;22;176;175;8;0;1;0;0;Consuntivo
E0110;2026-09-01;22;176;135;2;40;1;0;0;Consuntivo
E0111;2026-09-01;22;176;136;0;40;0;0;8;Consuntivo
E0112;2026-09-01;22;158.40;154.40;0;0;4;0;21;Consuntivo
E0113;2026-09-01;22;132;132;1;0;0;0;5;Consuntivo
E0114;2026-09-01;22;176;144;0;24;0;8;4;Consuntivo
E0115;2026-09-01;22;105.60;77.60;2;14.40;4;9.60;0;Consuntivo
E0116;2026-09-01;22;176;160;0;16;0;0;20;Consuntivo
E0117;2026-09-01;22;158.40;157.40;0;0;1;0;3;Consuntivo
E0118;2026-09-01;22;105.60;87.20;4;4.80;4;9.60;0;Consuntivo
E0119;2026-09-01;22;176;160;12;16;0;0;0;Consuntivo
E0120;2026-09-01;22;176;167;6;8;1;0;0;Consuntivo
E0121;2026-09-01;22;176;160;0;8;0;8;17;Consuntivo
E0122;2026-09-01;22;140.80;139.80;0;0;1;0;21;Consuntivo
E0123;2026-09-01;22;176;174;4;0;2;0;21;Consuntivo
E0124;2026-09-01;22;176;136;0;40;0;0;0;Consuntivo
E0125;2026-09-01;22;176;168;12;0;0;8;21;Consuntivo
E0126;2026-09-01;22;140.80;140.80;2;0;0;0;0;Consuntivo
E0127;2026-09-01;22;176;175;0;0;1;0;21;Consuntivo
E0128;2026-09-01;22;176;167;0;8;1;0;10;Consuntivo
E0129;2026-09-01;22;176;159;0;16;1;0;3;Consuntivo
E0130;2026-09-01;22;88;59;0;20;1;8;0;Consuntivo
E0131;2026-09-01;22;176;172;12;0;4;0;0;Consuntivo
E0132;2026-09-01;22;176;159;0;16;1;0;17;Consuntivo
E0133;2026-09-01;22;176;166;4;8;2;0;0;Consuntivo
E0134;2026-09-01;22;132;125;0;0;1;6;5;Consuntivo
E0135;2026-09-01;22;140.80;140.80;0;0;0;0;21;Consuntivo
E0136;2026-09-01;22;176;175;1;0;1;0;1;Consuntivo
E0137;2026-09-01;22;176;152;0;24;0;0;19;Consuntivo
E0138;2026-09-01;22;176;160;0;16;0;0;0;Consuntivo
E0139;2026-09-01;22;176;158;0;16;2;0;0;Consuntivo
E0140;2026-09-01;22;132;120;0;12;0;0;20;Consuntivo
E0141;2026-09-01;22;176;136;2;40;0;0;0;Consuntivo
E0142;2026-09-01;22;176;176;2;0;0;0;0;Consuntivo
E0143;2026-09-01;22;105.60;100.80;8;4.80;0;0;11;Consuntivo
E0144;2026-09-01;22;176;168;0;0;0;8;7;Consuntivo
E0145;2026-09-01;22;176;164;4;8;4;0;19;Consuntivo
E0146;2026-09-01;22;88;76;4;12;0;0;0;Consuntivo
E0147;2026-09-01;22;176;144;0;24;0;8;3;Consuntivo
E0148;2026-09-01;22;176;158;2;16;2;0;0;Consuntivo
E0149;2026-09-01;22;176;136;0;40;0;0;3;Consuntivo
E0150;2026-09-01;22;176;176;0;0;0;0;0;Consuntivo
E0151;2026-09-01;22;176;136;0;40;0;0;0;Consuntivo
E0152;2026-09-01;22;88;64;0;20;0;4;0;Consuntivo
E0153;2026-09-01;22;176;168;8;8;0;0;21;Consuntivo
E0154;2026-09-01;22;158.40;154.40;12;0;4;0;0;Consuntivo
E0155;2026-09-01;22;176;159;0;16;1;0;13;Consuntivo
E0156;2026-09-01;22;176;152;0;24;0;0;0;Consuntivo
E0157;2026-09-01;22;176;168;6;0;0;8;20;Consuntivo
E0158;2026-09-01;22;176;152;0;24;0;0;0;Consuntivo
E0159;2026-09-01;22;176;132;2;40;4;0;16;Consuntivo
E0160;2026-09-01;22;176;166;6;8;2;0;0;Consuntivo
E0161;2026-09-01;22;176;144;12;16;0;16;13;Consuntivo
E0162;2026-09-01;22;176;156;12;16;4;0;13;Consuntivo
E0163;2026-09-01;22;176;156;1;16;4;0;0;Consuntivo
E0164;2026-09-01;22;176;176;2;0;0;0;13;Consuntivo
E0165;2026-09-01;22;176;136;0;24;0;16;0;Consuntivo
E0166;2026-09-01;22;176;160;2;8;0;8;0;Consuntivo
E0167;2026-09-01;22;176;160;0;8;0;8;0;Consuntivo
E0168;2026-09-01;22;176;152;0;24;0;0;19;Consuntivo
E0169;2026-09-01;22;105.60;105.60;4;0;0;0;0;Consuntivo
E0170;2026-09-01;22;176;136;1;40;0;0;0;Consuntivo
E0171;2026-09-01;22;88;60;2;20;4;4;0;Consuntivo
E0172;2026-09-01;22;176;150;2;24;2;0;0;Consuntivo
E0173;2026-09-01;22;176;135;4;40;1;0;13;Consuntivo
E0174;2026-09-01;22;105.60;98.80;2;4.80;2;0;0;Consuntivo
E0175;2026-09-01;22;176;120;8;40;0;16;0;Consuntivo
E0176;2026-09-01;22;176;152;0;24;0;0;0;Consuntivo
E0177;2026-09-01;22;88;78;0;8;2;0;0;Consuntivo
E0178;2026-09-01;22;132;124;8;0;2;6;20;Consuntivo
E0179;2026-09-01;22;176;164;8;8;4;0;0;Consuntivo
E0180;2026-09-01;21;126;120;0;6;0;0;20;Consuntivo
E0181;2026-09-01;7;56;16;1;40;0;0;0;Consuntivo
E0187;2026-09-01;2;16;8;8;8;0;0;1;Consuntivo
E0200;2026-09-01;14;112;95;8;16;1;0;11;Consuntivo
E0202;2026-09-01;22;176;136;0;40;0;0;0;Consuntivo
E0203;2026-09-01;22;176;143;0;16;1;16;0;Consuntivo
E0204;2026-09-01;22;176;148;0;24;4;0;0;Consuntivo
E0205;2026-09-01;22;176;176;0;0;0;0;12;Consuntivo
E0206;2026-09-01;22;176;172;0;0;4;0;12;Consuntivo
E0207;2026-09-01;22;176;127;2;40;1;8;0;Consuntivo
E0208;2026-09-01;22;176;128;0;40;0;8;7;Consuntivo
E0209;2026-09-01;22;176;140;0;24;4;8;0;Consuntivo
E0210;2026-09-01;22;176;134;6;40;2;0;7;Consuntivo
E0211;2026-09-01;22;176;176;0;0;0;0;16;Consuntivo
E0212;2026-09-01;22;176;134;6;40;2;0;16;Consuntivo
E0213;2026-09-01;22;176;160;2;16;0;0;0;Consuntivo
E0214;2026-09-01;22;132;119;0;0;1;12;0;Consuntivo
E0215;2026-09-01;22;176;148;0;16;4;8;0;Consuntivo
E0216;2026-09-01;22;176;144;2;16;0;16;0;Consuntivo
E0217;2026-09-01;22;176;132;0;40;4;0;0;Consuntivo
E0218;2026-09-01;22;176;160;6;16;0;0;20;Consuntivo
E0219;2026-09-01;22;140.80;124;0;0;4;12.80;0;Consuntivo
E0220;2026-09-01;22;176;136;0;40;0;0;0;Consuntivo
E0221;2026-09-01;1;8;0;0;8;0;0;0;Consuntivo
E0222;2026-09-01;22;176;174;8;0;2;0;20;Consuntivo
E0223;2026-09-01;22;176;134;2;40;2;0;0;Consuntivo
E0224;2026-09-01;22;140.80;115.20;6;12.80;0;12.80;0;Consuntivo
E0225;2026-09-01;22;176;120;8;40;0;16;3;Consuntivo
E0226;2026-09-01;22;176;134;0;40;2;0;15;Consuntivo
E0227;2026-09-01;22;176;176;0;0;0;0;0;Consuntivo
E0228;2026-09-01;6;48;32;0;8;0;8;0;Consuntivo
E0229;2026-09-01;22;176;134;6;40;2;0;0;Consuntivo
E0230;2026-09-01;22;176;176;1;0;0;0;22;Consuntivo
E0231;2026-09-01;22;105.60;104.60;8;0;1;0;0;Consuntivo
E0232;2026-09-01;8;48;18;0;30;0;0;3;Consuntivo
E0233;2026-09-01;22;176;119;0;40;1;16;14;Consuntivo
E0234;2026-09-01;22;176;160;0;16;0;0;0;Consuntivo
E0235;2026-09-01;22;176;152;0;24;0;0;19;Consuntivo
E0236;2026-09-01;22;176;118;2;40;2;16;14;Consuntivo
E0237;2026-09-01;22;176;136;6;40;0;0;0;Consuntivo
E0238;2026-09-01;22;176;136;0;40;0;0;0;Consuntivo
E0239;2026-09-01;22;132;125;2;0;1;6;0;Consuntivo
E0240;2026-09-01;22;176;160;12;16;0;0;0;Consuntivo
E0241;2026-09-01;5;40;40;0;0;0;0;5;Consuntivo
E0242;2026-09-01;22;176;168;6;8;0;0;1;Consuntivo
E0243;2026-09-01;20;96;70;0;14.40;2;9.60;14;Consuntivo
E0244;2026-09-01;22;158.40;122.40;0;36;0;0;0;Consuntivo
E0245;2026-09-01;16;128;76;0;40;4;8;0;Consuntivo
E0246;2026-09-01;22;176;168;0;8;0;0;0;Consuntivo
E0247;2026-09-01;22;88;80;0;4;4;0;3;Consuntivo
E0248;2026-09-01;22;176;158;6;0;2;16;0;Consuntivo
E0249;2026-09-01;14;100.80;93.60;12;0;0;7.20;3;Consuntivo
E0250;2026-09-01;8;38.40;20;0;14.40;4;0;0;Consuntivo
E0251;2026-09-01;22;176;120;4;40;0;16;7;Consuntivo
E0252;2026-09-01;22;176;175;8;0;1;0;21;Consuntivo
E0253;2026-09-01;22;132;130;6;0;2;0;17;Consuntivo
E0254;2026-09-01;22;176;144;8;16;0;16;13;Consuntivo
E0255;2026-09-01;13;104;80;0;24;0;0;0;Consuntivo
E0256;2026-09-01;12;96;72;8;24;0;0;9;Consuntivo
E0257;2026-09-01;22;176;135;2;40;1;0;6;Consuntivo
E0258;2026-09-01;22;176;150;0;24;2;0;0;Consuntivo
E0259;2026-09-01;22;176;168;1;0;0;8;5;Consuntivo
E0260;2026-09-01;22;176;164;0;0;4;8;0;Consuntivo
